-- phpMyAdmin SQL Dump
-- version 4.8.4
-- https://www.phpmyadmin.net/
--
-- Host: 127.0.0.1
-- Generation Time: Jan 22, 2019 at 07:10 AM
-- Server version: 10.1.37-MariaDB
-- PHP Version: 7.0.33

SET SQL_MODE = "NO_AUTO_VALUE_ON_ZERO";
SET AUTOCOMMIT = 0;
START TRANSACTION;
SET time_zone = "+00:00";


/*!40101 SET @OLD_CHARACTER_SET_CLIENT=@@CHARACTER_SET_CLIENT */;
/*!40101 SET @OLD_CHARACTER_SET_RESULTS=@@CHARACTER_SET_RESULTS */;
/*!40101 SET @OLD_COLLATION_CONNECTION=@@COLLATION_CONNECTION */;
/*!40101 SET NAMES utf8mb4 */;

--
-- Database: `sim-ci`
--

-- --------------------------------------------------------

--
-- Table structure for table `activities`
--

CREATE TABLE `activities` (
  `activity_id` bigint(20) NOT NULL,
  `user_id` bigint(20) UNSIGNED NOT NULL DEFAULT '0',
  `activity` varchar(255) NOT NULL,
  `module` varchar(255) NOT NULL,
  `created_on` datetime NOT NULL,
  `deleted` tinyint(12) NOT NULL DEFAULT '0'
) ENGINE=InnoDB DEFAULT CHARSET=utf8;

--
-- Dumping data for table `activities`
--

INSERT INTO `activities` (`activity_id`, `user_id`, `activity`, `module`, `created_on`, `deleted`) VALUES
(1, 1, 'logged in from: ::1', 'users', '2018-11-05 07:53:35', 0),
(2, 1, 'logged in from: ::1', 'users', '2018-11-05 08:14:07', 0),
(3, 1, 'logged in from: ::1', 'users', '2018-11-05 15:53:38', 0),
(4, 1, 'logged in from: ::1', 'users', '2018-11-13 07:04:47', 0),
(5, 1, 'logged in from: ::1', 'users', '2018-11-16 04:52:28', 0),
(6, 1, 'logged in from: 182.253.72.66', 'users', '2018-11-16 11:28:30', 0),
(7, 1, 'logged in from: 180.253.169.81', 'users', '2018-11-17 08:24:42', 0),
(8, 1, 'logged in from: 182.253.105.98', 'users', '2018-11-19 10:20:14', 0),
(9, 1, 'logged in from: 117.54.210.18', 'users', '2018-11-20 15:00:52', 0),
(10, 1, 'logged in from: 180.253.140.75', 'users', '2018-11-21 08:47:04', 0),
(11, 1, 'logged in from: 180.253.140.75', 'users', '2018-11-21 08:58:26', 0),
(12, 1, 'logged in from: 140.213.9.219', 'users', '2018-11-21 22:22:28', 0),
(13, 1, 'logged in from: 115.178.200.218', 'users', '2018-11-22 07:05:53', 0),
(14, 1, 'logged in from: 36.71.233.149', 'users', '2018-11-25 08:48:29', 0),
(15, 1, 'logged in from: ::1', 'users', '2018-11-25 03:35:06', 0),
(16, 1, 'logged in from: ::1', 'users', '2018-11-25 11:06:39', 0),
(17, 1, 'logged in from: ::1', 'users', '2018-11-25 11:58:51', 0),
(18, 1, 'logged in from: ::1', 'users', '2018-11-26 02:16:38', 0),
(19, 1, 'logged in from: ::1', 'users', '2019-01-22 04:02:03', 0),
(20, 1, 'logged in from: ::1', 'users', '2019-01-22 04:29:32', 0),
(21, 1, 'logged in from: ::1', 'users', '2019-01-22 06:11:20', 0),
(22, 1, 'logged in from: ::1', 'users', '2019-01-22 06:24:51', 0),
(23, 1, 'logged in from: ::1', 'users', '2019-01-22 06:59:18', 0);

-- --------------------------------------------------------

--
-- Table structure for table `ci3_sessions`
--

CREATE TABLE `ci3_sessions` (
  `id` varchar(40) NOT NULL,
  `ip_address` varchar(45) NOT NULL,
  `timestamp` int(10) UNSIGNED NOT NULL DEFAULT '0',
  `data` blob NOT NULL
) ENGINE=InnoDB DEFAULT CHARSET=utf8;

--
-- Dumping data for table `ci3_sessions`
--

INSERT INTO `ci3_sessions` (`id`, `ip_address`, `timestamp`, `data`) VALUES
('01l49dd3tcunvirac6mubpc3st4s3rjm', '::1', 1543116971, 0x5f5f63695f6c6173745f726567656e65726174657c693a313534333131363937313b7265717565737465645f706167657c733a37383a22687474703a2f2f6c6f63616c686f73742f7765626373722e70696c6172696e74692e636f2e69642f736b70642f7065726d6f686f6e616e5f746a736c2f6c697374656e65725f73686f775f616c6c223b70726576696f75735f706167657c733a37383a22687474703a2f2f6c6f63616c686f73742f7765626373722e70696c6172696e74692e636f2e69642f736b70642f7065726d6f686f6e616e5f746a736c2f6c697374656e65725f73686f775f616c6c223b757365725f69647c733a313a2231223b617574685f637573746f6d7c733a353a2261646d696e223b757365725f746f6b656e7c733a34303a2263633434383035336535633562353937623163376561326330356263326263343233303865306636223b6964656e746974797c733a31393a2261646d696e406d79626f6e666972652e636f6d223b726f6c655f69647c733a313a2231223b6c6f676765645f696e7c623a313b6c616e67756167657c733a373a22656e676c697368223b),
('06lg1qo8i1u29fo04qgdnu5833ec3q6s', '::1', 1542298419, 0x5f5f63695f6c6173745f726567656e65726174657c693a313534323239383431393b7265717565737465645f706167657c733a34323a22687474703a2f2f6c6f63616c686f73742f746a736c2d63697265626f6e2f72656b61706974756c617369223b70726576696f75735f706167657c733a34353a22687474703a2f2f6c6f63616c686f73742f746a736c2d63697265626f6e2f7065726d6f686f6e616e5f746a736c223b),
('0c8pvjcjhhpu58okb888pi0ul550rmon', '182.253.72.66', 1542350309, 0x5f5f63695f6c6173745f726567656e65726174657c693a313534323335303330393b7265717565737465645f706167657c733a34353a22687474703a2f2f7765626373722e70696c6172696e74692e636f2e69642f7065726d6f686f6e616e5f746a736c223b70726576696f75735f706167657c733a34353a22687474703a2f2f7765626373722e70696c6172696e74692e636f2e69642f7065726d6f686f6e616e5f746a736c223b),
('0e523uca0oq2si2k1m15fjqgqfq4dhvk', '::1', 1548126112, 0x5f5f63695f6c6173745f726567656e65726174657c693a313534383132363131323b7265717565737465645f706167657c733a32343a22687474703a2f2f6c6f63616c686f73742f73696d2d63692f223b70726576696f75735f706167657c733a32343a22687474703a2f2f6c6f63616c686f73742f73696d2d63692f223b),
('0g46v3liimm5n8ra9uvjdqesu5k5j8c3', '::1', 1543148209, 0x5f5f63695f6c6173745f726567656e65726174657c693a313534333134383030303b7265717565737465645f706167657c733a35353a22687474703a2f2f6c6f63616c686f73742f7765626373722e70696c6172696e74692e636f2e69642f7065726d6f686f6e616e5f746a736c223b70726576696f75735f706167657c733a35353a22687474703a2f2f6c6f63616c686f73742f7765626373722e70696c6172696e74692e636f2e69642f7065726d6f686f6e616e5f746a736c223b),
('0nht4k22j91636iplo92fop88dfdijd6', '::1', 1543190154, 0x5f5f63695f6c6173745f726567656e65726174657c693a313534333139303035393b7265717565737465645f706167657c733a34303a22687474703a2f2f6c6f63616c686f73742f7765626373722e70696c6172696e74692e636f2e69642f223b70726576696f75735f706167657c733a34303a22687474703a2f2f6c6f63616c686f73742f7765626373722e70696c6172696e74692e636f2e69642f223b),
('0ss7tqnk18pg2fu61opecbh0r730538i', '::1', 1543189115, 0x5f5f63695f6c6173745f726567656e65726174657c693a313534333138393131353b7265717565737465645f706167657c733a34303a22687474703a2f2f6c6f63616c686f73742f7765626373722e70696c6172696e74692e636f2e69642f223b70726576696f75735f706167657c733a34303a22687474703a2f2f6c6f63616c686f73742f7765626373722e70696c6172696e74692e636f2e69642f223b),
('0tg2h8d7m5ovufo0ki4b41o8qvv1tafl', '115.178.199.14', 1542375054, 0x5f5f63695f6c6173745f726567656e65726174657c693a313534323337353035343b7265717565737465645f706167657c733a33383a22687474703a2f2f7765626373722e70696c6172696e74692e636f2e69642f61626f75742d7573223b70726576696f75735f706167657c733a33383a22687474703a2f2f7765626373722e70696c6172696e74692e636f2e69642f61626f75742d7573223b),
('154rrn9ktb3mdel5c1ln92g9e3997bmg', '::1', 1543140832, 0x5f5f63695f6c6173745f726567656e65726174657c693a313534333134303833323b7265717565737465645f706167657c733a36393a22687474703a2f2f6c6f63616c686f73742f7765626373722e70696c6172696e74692e636f2e69642f736b70642f7065727573616861616e2f6765745f6b656c75726168616e223b757365725f69647c733a313a2231223b617574685f637573746f6d7c733a353a2261646d696e223b757365725f746f6b656e7c733a34303a2263633434383035336535633562353937623163376561326330356263326263343233303865306636223b6964656e746974797c733a31393a2261646d696e406d79626f6e666972652e636f6d223b726f6c655f69647c733a313a2231223b6c6f676765645f696e7c623a313b6c616e67756167657c733a373a22656e676c697368223b70726576696f75735f706167657c733a36393a22687474703a2f2f6c6f63616c686f73742f7765626373722e70696c6172696e74692e636f2e69642f736b70642f7065727573616861616e2f6765745f6b656c75726168616e223b),
('1774tba0m638mfblaltfvjiau2sk5ac8', '::1', 1543196515, 0x5f5f63695f6c6173745f726567656e65726174657c693a313534333139363530373b7265717565737465645f706167657c733a34303a22687474703a2f2f6c6f63616c686f73742f7765626373722e70696c6172696e74692e636f2e69642f223b70726576696f75735f706167657c733a34303a22687474703a2f2f6c6f63616c686f73742f7765626373722e70696c6172696e74692e636f2e69642f223b),
('1bkiu4k6ui2mul039i4df0ehs80745cc', '::1', 1542325154, 0x5f5f63695f6c6173745f726567656e65726174657c693a313534323332353135343b7265717565737465645f706167657c733a35363a22687474703a2f2f6c6f63616c686f73742f746a736c2d63697265626f6e2f7065727573616861616e2f7065727573616861616e5f6a736f6e223b70726576696f75735f706167657c733a35363a22687474703a2f2f6c6f63616c686f73742f746a736c2d63697265626f6e2f7065727573616861616e2f7065727573616861616e5f6a736f6e223b),
('1kuf67kp86t5cmqemr9ehjp4mhtta3mb', '::1', 1542338705, 0x5f5f63695f6c6173745f726567656e65726174657c693a313534323333383730353b7265717565737465645f706167657c733a33303a22687474703a2f2f6c6f63616c686f73742f746a736c2d63697265626f6e2f223b70726576696f75735f706167657c733a33303a22687474703a2f2f6c6f63616c686f73742f746a736c2d63697265626f6e2f223b),
('1l5pcltbj0lum70293e7bjbv11dt8cfv', '::1', 1543196468, 0x5f5f63695f6c6173745f726567656e65726174657c693a313534333139363436383b7265717565737465645f706167657c733a38303a22687474703a2f2f6c6f63616c686f73742f7765626373722e70696c6172696e74692e636f2e69642f736b70642f7065726d6f686f6e616e5f746a736c2f6765745f7065726d6f686f6e616e5f746a736c223b70726576696f75735f706167657c733a38303a22687474703a2f2f6c6f63616c686f73742f7765626373722e70696c6172696e74692e636f2e69642f736b70642f7065726d6f686f6e616e5f746a736c2f6765745f7065726d6f686f6e616e5f746a736c223b757365725f69647c733a313a2231223b617574685f637573746f6d7c733a353a2261646d696e223b757365725f746f6b656e7c733a34303a2263633434383035336535633562353937623163376561326330356263326263343233303865306636223b6964656e746974797c733a31393a2261646d696e406d79626f6e666972652e636f6d223b726f6c655f69647c733a313a2231223b6c6f676765645f696e7c623a313b6c616e67756167657c733a373a22656e676c697368223b),
('1nl1ic9mvua2t4jm5m7nt1b74cf6pqni', '::1', 1542338041, 0x5f5f63695f6c6173745f726567656e65726174657c693a313534323333383034313b7265717565737465645f706167657c733a33303a22687474703a2f2f6c6f63616c686f73742f746a736c2d63697265626f6e2f223b70726576696f75735f706167657c733a33303a22687474703a2f2f6c6f63616c686f73742f746a736c2d63697265626f6e2f223b),
('21i7b8fjsmmv8nsrjl3sfd9705cvpj82', '182.253.72.66', 1542349691, 0x5f5f63695f6c6173745f726567656e65726174657c693a313534323334393639313b7265717565737465645f706167657c733a33303a22687474703a2f2f7765626373722e70696c6172696e74692e636f2e69642f223b70726576696f75735f706167657c733a33303a22687474703a2f2f7765626373722e70696c6172696e74692e636f2e69642f223b),
('21og9fuf5jsvcne76u6ufmafuti846g1', '::1', 1542327965, 0x5f5f63695f6c6173745f726567656e65726174657c693a313534323332373936353b7265717565737465645f706167657c733a33303a22687474703a2f2f6c6f63616c686f73742f746a736c2d63697265626f6e2f223b70726576696f75735f706167657c733a33303a22687474703a2f2f6c6f63616c686f73742f746a736c2d63697265626f6e2f223b),
('22ik9v57c5iit4o24648946qf3bd5ho5', '::1', 1543145236, 0x5f5f63695f6c6173745f726567656e65726174657c693a313534333134353233363b7265717565737465645f706167657c733a36363a22687474703a2f2f6c6f63616c686f73742f7765626373722e70696c6172696e74692e636f2e69642f7065727573616861616e2f7065727573616861616e5f6a736f6e223b70726576696f75735f706167657c733a36363a22687474703a2f2f6c6f63616c686f73742f7765626373722e70696c6172696e74692e636f2e69642f7065727573616861616e2f7065727573616861616e5f6a736f6e223b),
('22sjr1q4dt3hb353s9vl4ick7ruio4kb', '64.233.173.22', 1542343483, 0x5f5f63695f6c6173745f726567656e65726174657c693a313534323334333336323b7265717565737465645f706167657c733a33303a22687474703a2f2f7765626373722e70696c6172696e74692e636f2e69642f223b70726576696f75735f706167657c733a33303a22687474703a2f2f7765626373722e70696c6172696e74692e636f2e69642f223b),
('237592q0e4ccab5p58b3t6lki3nvjuqd', '::1', 1548127197, 0x5f5f63695f6c6173745f726567656e65726174657c693a313534383132373139373b7265717565737465645f706167657c733a33373a22687474703a2f2f6c6f63616c686f73742f73696d2d63692f61646d696e2f636f6e74656e74223b70726576696f75735f706167657c733a33373a22687474703a2f2f6c6f63616c686f73742f73696d2d63692f61646d696e2f636f6e74656e74223b757365725f69647c733a313a2231223b617574685f637573746f6d7c733a353a2261646d696e223b757365725f746f6b656e7c733a34303a2263633434383035336535633562353937623163376561326330356263326263343233303865306636223b6964656e746974797c733a31393a2261646d696e406d79626f6e666972652e636f6d223b726f6c655f69647c733a313a2231223b6c6f676765645f696e7c623a313b6c616e67756167657c733a373a22656e676c697368223b),
('29dvdjq2vdte67s0b3tsh47s7rrusr1i', '180.253.140.75', 1542765610, 0x5f5f63695f6c6173745f726567656e65726174657c693a313534323736353631303b7265717565737465645f706167657c733a35323a22687474703a2f2f7765626373722e70696c6172696e74692e636f2e69642f736b70642f70726f6772616d5f7072696f7269746173223b70726576696f75735f706167657c733a35323a22687474703a2f2f7765626373722e70696c6172696e74692e636f2e69642f736b70642f70726f6772616d5f7072696f7269746173223b757365725f69647c733a313a2231223b617574685f637573746f6d7c733a353a2261646d696e223b757365725f746f6b656e7c733a34303a2263633434383035336535633562353937623163376561326330356263326263343233303865306636223b6964656e746974797c733a31393a2261646d696e406d79626f6e666972652e636f6d223b726f6c655f69647c733a313a2231223b6c6f676765645f696e7c623a313b6c616e67756167657c733a373a22656e676c697368223b),
('2ebevdmi2m4n3vuvcpio173pl8tuh5p4', '64.233.173.21', 1542343362, 0x5f5f63695f6c6173745f726567656e65726174657c693a313534323334333336323b7265717565737465645f706167657c733a33303a22687474703a2f2f7765626373722e70696c6172696e74692e636f2e69642f223b70726576696f75735f706167657c733a33303a22687474703a2f2f7765626373722e70696c6172696e74692e636f2e69642f223b),
('2l4aisaenbqos5pj2rdqnpmoc73sirrv', '115.178.198.246', 1542426432, 0x5f5f63695f6c6173745f726567656e65726174657c693a313534323432363432323b7265717565737465645f706167657c733a33303a22687474703a2f2f7765626373722e70696c6172696e74692e636f2e69642f223b70726576696f75735f706167657c733a33303a22687474703a2f2f7765626373722e70696c6172696e74692e636f2e69642f223b),
('2q28g76ntbmv2e4b04ekvk2q6be2luul', '::1', 1542337927, 0x5f5f63695f6c6173745f726567656e65726174657c693a313534323333373932373b7265717565737465645f706167657c733a33303a22687474703a2f2f6c6f63616c686f73742f746a736c2d63697265626f6e2f223b70726576696f75735f706167657c733a33303a22687474703a2f2f6c6f63616c686f73742f746a736c2d63697265626f6e2f223b),
('3237ltv8cme7ns4leimbcgk03vri4gbe', '66.102.6.112', 1542854680, 0x5f5f63695f6c6173745f726567656e65726174657c693a313534323835343638303b7265717565737465645f706167657c733a33303a22687474703a2f2f7765626373722e70696c6172696e74692e636f2e69642f223b70726576696f75735f706167657c733a33303a22687474703a2f2f7765626373722e70696c6172696e74692e636f2e69642f223b),
('361nu1ipsqjsnantkbnk40mq25nfjol9', '115.178.198.246', 1542426106, 0x5f5f63695f6c6173745f726567656e65726174657c693a313534323432353831353b7265717565737465645f706167657c733a34353a22687474703a2f2f7765626373722e70696c6172696e74692e636f2e69642f7065726d6f686f6e616e5f746a736c223b70726576696f75735f706167657c733a34353a22687474703a2f2f7765626373722e70696c6172696e74692e636f2e69642f7065726d6f686f6e616e5f746a736c223b535543434553534d53477c733a36383a225065726d6f686f6e616e20626572686173696c20646920616a756b616e206d6f686f6e2074756e676775206b6f6e6669726d6173692073656c616e6a75746e7961202121223b5f5f63695f766172737c613a313a7b733a31303a22535543434553534d5347223b733a333a226f6c64223b7d),
('3c4v76rp0tctlu3k0f3ii9cfnmvrld8d', '::1', 1548127761, 0x5f5f63695f6c6173745f726567656e65726174657c693a313534383132373736313b7265717565737465645f706167657c733a32343a22687474703a2f2f6c6f63616c686f73742f73696d2d63692f223b70726576696f75735f706167657c733a32343a22687474703a2f2f6c6f63616c686f73742f73696d2d63692f223b),
('3ctplscklbr3mba841mpq65u9m6fru5v', '::1', 1542339526, 0x5f5f63695f6c6173745f726567656e65726174657c693a313534323333393532363b7265717565737465645f706167657c733a34353a22687474703a2f2f6c6f63616c686f73742f746a736c2d63697265626f6e2f7065726d6f686f6e616e5f746a736c223b70726576696f75735f706167657c733a34353a22687474703a2f2f6c6f63616c686f73742f746a736c2d63697265626f6e2f7065726d6f686f6e616e5f746a736c223b),
('3eeei48dcfeb798pp05mkdmmibsarrjm', '::1', 1542300847, 0x5f5f63695f6c6173745f726567656e65726174657c693a313534323330303834373b7265717565737465645f706167657c733a34323a22687474703a2f2f6c6f63616c686f73742f746a736c2d63697265626f6e2f72656b61706974756c617369223b70726576696f75735f706167657c733a34323a22687474703a2f2f6c6f63616c686f73742f746a736c2d63697265626f6e2f72656b61706974756c617369223b),
('3fhdiq88eb6n39v9o8stlefu2mtombmd', '180.253.140.75', 1542766694, 0x5f5f63695f6c6173745f726567656e65726174657c693a313534323736363339303b7265717565737465645f706167657c733a37303a22687474703a2f2f7765626373722e70696c6172696e74692e636f2e69642f736b70642f7065726d6f686f6e616e5f746a736c2f6765745f7065726d6f686f6e616e5f746a736c223b70726576696f75735f706167657c733a37303a22687474703a2f2f7765626373722e70696c6172696e74692e636f2e69642f736b70642f7065726d6f686f6e616e5f746a736c2f6765745f7065726d6f686f6e616e5f746a736c223b757365725f69647c733a313a2231223b617574685f637573746f6d7c733a353a2261646d696e223b757365725f746f6b656e7c733a34303a2263633434383035336535633562353937623163376561326330356263326263343233303865306636223b6964656e746974797c733a31393a2261646d696e406d79626f6e666972652e636f6d223b726f6c655f69647c733a313a2231223b6c6f676765645f696e7c623a313b6c616e67756167657c733a373a22656e676c697368223b),
('4blh9b0m8ms8tdqllpan6eqmsu1ndmr3', '::1', 1543113594, 0x5f5f63695f6c6173745f726567656e65726174657c693a313534333131333539343b7265717565737465645f706167657c733a38303a22687474703a2f2f6c6f63616c686f73742f7765626373722e70696c6172696e74692e636f2e69642f736b70642f70726f6772616d5f7072696f72697461732f6c697374656e65725f73686f775f616c6c223b70726576696f75735f706167657c733a38303a22687474703a2f2f6c6f63616c686f73742f7765626373722e70696c6172696e74692e636f2e69642f736b70642f70726f6772616d5f7072696f72697461732f6c697374656e65725f73686f775f616c6c223b757365725f69647c733a313a2231223b617574685f637573746f6d7c733a353a2261646d696e223b757365725f746f6b656e7c733a34303a2263633434383035336535633562353937623163376561326330356263326263343233303865306636223b6964656e746974797c733a31393a2261646d696e406d79626f6e666972652e636f6d223b726f6c655f69647c733a313a2231223b6c6f676765645f696e7c623a313b6c616e67756167657c733a373a22656e676c697368223b),
('4cr2n85koa867gisfvhf22nu33c8frfg', '::1', 1543191082, 0x5f5f63695f6c6173745f726567656e65726174657c693a313534333139313038323b),
('4g8lt3h83v54i5ou5s04l8qdea7elgqt', '::1', 1548133773, 0x5f5f63695f6c6173745f726567656e65726174657c693a313534383133333737323b7265717565737465645f706167657c733a36303a22687474703a2f2f6c6f63616c686f73742f73696d2d63692f6b6f6e7472616b2f7065727573616861616e2f6c697374656e65725f73686f775f616c6c223b70726576696f75735f706167657c733a36303a22687474703a2f2f6c6f63616c686f73742f73696d2d63692f6b6f6e7472616b2f7065727573616861616e2f6c697374656e65725f73686f775f616c6c223b757365725f69647c733a313a2231223b617574685f637573746f6d7c733a353a2261646d696e223b757365725f746f6b656e7c733a34303a2263633434383035336535633562353937623163376561326330356263326263343233303865306636223b6964656e746974797c733a31353a2261646d696e403234732e636f2e6964223b726f6c655f69647c733a313a2231223b6c6f676765645f696e7c623a313b6c616e67756167657c733a373a22656e676c697368223b),
('4iqjpo1irr9ug5h1ncm07h60tn2j1cdg', '::1', 1542339020, 0x5f5f63695f6c6173745f726567656e65726174657c693a313534323333393032303b7265717565737465645f706167657c733a34353a22687474703a2f2f6c6f63616c686f73742f746a736c2d63697265626f6e2f7065726d6f686f6e616e5f746a736c223b70726576696f75735f706167657c733a34353a22687474703a2f2f6c6f63616c686f73742f746a736c2d63697265626f6e2f7065726d6f686f6e616e5f746a736c223b),
('4mt240vdp31ecopd0jg32n7dould62lt', '::1', 1543192068, 0x5f5f63695f6c6173745f726567656e65726174657c693a313534333139323036383b),
('4p6koiv9ok9csa3af9c04p777dd9nvmm', '115.178.213.128', 1543107228, 0x5f5f63695f6c6173745f726567656e65726174657c693a313534333130373030303b7265717565737465645f706167657c733a33303a22687474703a2f2f7765626373722e70696c6172696e74692e636f2e69642f223b70726576696f75735f706167657c733a33303a22687474703a2f2f7765626373722e70696c6172696e74692e636f2e69642f223b),
('4qndmls6obcfa2k6g0bhtksm473pugkl', '::1', 1543144512, 0x5f5f63695f6c6173745f726567656e65726174657c693a313534333134343531323b7265717565737465645f706167657c733a36363a22687474703a2f2f6c6f63616c686f73742f7765626373722e70696c6172696e74692e636f2e69642f7065727573616861616e2f7065727573616861616e5f6a736f6e223b70726576696f75735f706167657c733a36363a22687474703a2f2f6c6f63616c686f73742f7765626373722e70696c6172696e74692e636f2e69642f7065727573616861616e2f7065727573616861616e5f6a736f6e223b),
('51ubllo095kstrqg1ub480iqmohkk1jj', '182.253.72.66', 1542348614, 0x5f5f63695f6c6173745f726567656e65726174657c693a313534323334383631343b7265717565737465645f706167657c733a34383a22687474703a2f2f7765626373722e70696c6172696e74692e636f2e69642f746a736c2f6765745f6b656c75726168616e223b70726576696f75735f706167657c733a34353a22687474703a2f2f7765626373722e70696c6172696e74692e636f2e69642f7065726d6f686f6e616e5f746a736c223b),
('58pkgetbgkkmhehgrbfpq1cig18lhegu', '::1', 1548136643, 0x5f5f63695f6c6173745f726567656e65726174657c693a313534383133363634333b7265717565737465645f706167657c733a33313a22687474703a2f2f6c6f63616c686f73742f73696d2d63692f6b6f6e7472616b223b757365725f69647c733a313a2231223b617574685f637573746f6d7c733a353a2261646d696e223b757365725f746f6b656e7c733a34303a2263633434383035336535633562353937623163376561326330356263326263343233303865306636223b6964656e746974797c733a31353a2261646d696e403234732e636f2e6964223b726f6c655f69647c733a313a2231223b6c6f676765645f696e7c623a313b70726576696f75735f706167657c733a33313a22687474703a2f2f6c6f63616c686f73742f73696d2d63692f6b6f6e7472616b223b6c616e67756167657c733a373a22656e676c697368223b),
('5e40tde7rnb4udvo544giubi5u70qnph', '::1', 1548133772, 0x5f5f63695f6c6173745f726567656e65726174657c693a313534383133333737323b7265717565737465645f706167657c733a36303a22687474703a2f2f6c6f63616c686f73742f73696d2d63692f6b6f6e7472616b2f7065727573616861616e2f6c697374656e65725f73686f775f616c6c223b70726576696f75735f706167657c733a36303a22687474703a2f2f6c6f63616c686f73742f73696d2d63692f6b6f6e7472616b2f7065727573616861616e2f6c697374656e65725f73686f775f616c6c223b757365725f69647c733a313a2231223b617574685f637573746f6d7c733a353a2261646d696e223b757365725f746f6b656e7c733a34303a2263633434383035336535633562353937623163376561326330356263326263343233303865306636223b6964656e746974797c733a31353a2261646d696e403234732e636f2e6964223b726f6c655f69647c733a313a2231223b6c6f676765645f696e7c623a313b6c616e67756167657c733a373a22656e676c697368223b),
('5e8vkam0hq5nv8a2cv8893l08runtdkt', '180.253.140.75', 1542863221, 0x5f5f63695f6c6173745f726567656e65726174657c693a313534323836333232303b7265717565737465645f706167657c733a35323a22687474703a2f2f7765626373722e70696c6172696e74692e636f2e69642f736b70642f70726f6772616d5f7072696f7269746173223b6d6573736167657c733a303a22223b5f5f63695f766172737c613a313a7b733a373a226d657373616765223b733a333a226e6577223b7d),
('5olmhtlggalhcr2f50q09adhmsevq53t', '::1', 1543117331, 0x5f5f63695f6c6173745f726567656e65726174657c693a313534333131373333313b7265717565737465645f706167657c733a38303a22687474703a2f2f6c6f63616c686f73742f7765626373722e70696c6172696e74692e636f2e69642f736b70642f7065726d6f686f6e616e5f746a736c2f6765745f7065726d6f686f6e616e5f746a736c223b70726576696f75735f706167657c733a38303a22687474703a2f2f6c6f63616c686f73742f7765626373722e70696c6172696e74692e636f2e69642f736b70642f7065726d6f686f6e616e5f746a736c2f6765745f7065726d6f686f6e616e5f746a736c223b757365725f69647c733a313a2231223b617574685f637573746f6d7c733a353a2261646d696e223b757365725f746f6b656e7c733a34303a2263633434383035336535633562353937623163376561326330356263326263343233303865306636223b6964656e746974797c733a31393a2261646d696e406d79626f6e666972652e636f6d223b726f6c655f69647c733a313a2231223b6c6f676765645f696e7c623a313b6c616e67756167657c733a373a22656e676c697368223b),
('5u2k2h0gcpmdph71pcvfiianan9dqfbl', '115.178.198.246', 1542411473, 0x5f5f63695f6c6173745f726567656e65726174657c693a313534323431313435393b7265717565737465645f706167657c733a33303a22687474703a2f2f7765626373722e70696c6172696e74692e636f2e69642f223b70726576696f75735f706167657c733a33303a22687474703a2f2f7765626373722e70696c6172696e74692e636f2e69642f223b),
('648sl7vv9jcsfmpc4a6k6rljtvo3qs60', '::1', 1543115675, 0x5f5f63695f6c6173745f726567656e65726174657c693a313534333131353637353b7265717565737465645f706167657c733a36393a22687474703a2f2f6c6f63616c686f73742f7765626373722e70696c6172696e74692e636f2e69642f736b70642f7065727573616861616e2f6765745f6b656c75726168616e223b70726576696f75735f706167657c733a36393a22687474703a2f2f6c6f63616c686f73742f7765626373722e70696c6172696e74692e636f2e69642f736b70642f7065727573616861616e2f6765745f6b656c75726168616e223b757365725f69647c733a313a2231223b617574685f637573746f6d7c733a353a2261646d696e223b757365725f746f6b656e7c733a34303a2263633434383035336535633562353937623163376561326330356263326263343233303865306636223b6964656e746974797c733a31393a2261646d696e406d79626f6e666972652e636f6d223b726f6c655f69647c733a313a2231223b6c6f676765645f696e7c623a313b6c616e67756167657c733a373a22656e676c697368223b),
('65o1arbtg65u2ho7vg06479nm5d3cbao', '::1', 1542340580, 0x5f5f63695f6c6173745f726567656e65726174657c693a313534323334303538303b7265717565737465645f706167657c733a33343a22687474703a2f2f6c6f63616c686f73742f746a736c2d63697265626f6e2f736b7064223b70726576696f75735f706167657c733a33343a22687474703a2f2f6c6f63616c686f73742f746a736c2d63697265626f6e2f736b7064223b757365725f69647c733a313a2231223b617574685f637573746f6d7c733a353a2261646d696e223b757365725f746f6b656e7c733a34303a2263633434383035336535633562353937623163376561326330356263326263343233303865306636223b6964656e746974797c733a31393a2261646d696e406d79626f6e666972652e636f6d223b726f6c655f69647c733a313a2231223b6c6f676765645f696e7c623a313b6c616e67756167657c733a373a22656e676c697368223b),
('6is4p2g9llbgk8lfdaj5g9bb68tfi1pc', '115.178.199.14', 1542373785, 0x5f5f63695f6c6173745f726567656e65726174657c693a313534323337333738353b7265717565737465645f706167657c733a33303a22687474703a2f2f7765626373722e70696c6172696e74692e636f2e69642f223b70726576696f75735f706167657c733a33303a22687474703a2f2f7765626373722e70696c6172696e74692e636f2e69642f223b),
('6kuisgcp7p1nj35apqtn9q7al79hios8', '::1', 1542340276, 0x5f5f63695f6c6173745f726567656e65726174657c693a313534323334303237363b7265717565737465645f706167657c733a35363a22687474703a2f2f6c6f63616c686f73742f746a736c2d63697265626f6e2f7065727573616861616e2f7065727573616861616e5f6a736f6e223b70726576696f75735f706167657c733a35363a22687474703a2f2f6c6f63616c686f73742f746a736c2d63697265626f6e2f7065727573616861616e2f7065727573616861616e5f6a736f6e223b),
('6spk95ksjqdpmnkj71rvqr6rpo1csgl1', '::1', 1548136320, 0x5f5f63695f6c6173745f726567656e65726174657c693a313534383133363332303b7265717565737465645f706167657c733a33313a22687474703a2f2f6c6f63616c686f73742f73696d2d63692f6b6f6e7472616b223b757365725f69647c733a313a2231223b617574685f637573746f6d7c733a353a2261646d696e223b757365725f746f6b656e7c733a34303a2263633434383035336535633562353937623163376561326330356263326263343233303865306636223b6964656e746974797c733a31353a2261646d696e403234732e636f2e6964223b726f6c655f69647c733a313a2231223b6c6f676765645f696e7c623a313b70726576696f75735f706167657c733a33313a22687474703a2f2f6c6f63616c686f73742f73696d2d63692f6b6f6e7472616b223b6c616e67756167657c733a373a22656e676c697368223b),
('73dqg49g24nq1bsvb1sj5hmimf7h0fdt', '::1', 1548136739, 0x5f5f63695f6c6173745f726567656e65726174657c693a313534383133363634333b7265717565737465645f706167657c733a33313a22687474703a2f2f6c6f63616c686f73742f73696d2d63692f6b6f6e7472616b223b757365725f69647c733a313a2231223b617574685f637573746f6d7c733a353a2261646d696e223b757365725f746f6b656e7c733a34303a2263633434383035336535633562353937623163376561326330356263326263343233303865306636223b6964656e746974797c733a31353a2261646d696e403234732e636f2e6964223b726f6c655f69647c733a313a2231223b6c6f676765645f696e7c623a313b70726576696f75735f706167657c733a33313a22687474703a2f2f6c6f63616c686f73742f73696d2d63692f6b6f6e7472616b223b6c616e67756167657c733a373a22656e676c697368223b),
('76119kc2t0uqbk5jf0ir85tc38rdtjmt', '::1', 1542339335, 0x5f5f63695f6c6173745f726567656e65726174657c693a313534323333393333353b7265717565737465645f706167657c733a34353a22687474703a2f2f6c6f63616c686f73742f746a736c2d63697265626f6e2f7065726d6f686f6e616e5f746a736c223b70726576696f75735f706167657c733a34353a22687474703a2f2f6c6f63616c686f73742f746a736c2d63697265626f6e2f7065726d6f686f6e616e5f746a736c223b),
('789rtgr447nmrjavfk1ml0ct4e6e52vd', '::1', 1543146780, 0x5f5f63695f6c6173745f726567656e65726174657c693a313534333134363738303b7265717565737465645f706167657c733a35353a22687474703a2f2f6c6f63616c686f73742f7765626373722e70696c6172696e74692e636f2e69642f7065726d6f686f6e616e5f746a736c223b70726576696f75735f706167657c733a35353a22687474703a2f2f6c6f63616c686f73742f7765626373722e70696c6172696e74692e636f2e69642f7065726d6f686f6e616e5f746a736c223b),
('7bbri0s8kahbkvepgingtv6p84oguola', '115.178.195.219', 1542716820, 0x5f5f63695f6c6173745f726567656e65726174657c693a313534323731363831393b7265717565737465645f706167657c733a33303a22687474703a2f2f7765626373722e70696c6172696e74692e636f2e69642f223b70726576696f75735f706167657c733a33303a22687474703a2f2f7765626373722e70696c6172696e74692e636f2e69642f223b),
('7er5k43c88vh10604gjt76jfgjh9hnad', '::1', 1542302278, 0x5f5f63695f6c6173745f726567656e65726174657c693a313534323330323237383b7265717565737465645f706167657c733a33383a22687474703a2f2f6c6f63616c686f73742f746a736c2d63697265626f6e2f61626f75742d7573223b70726576696f75735f706167657c733a33383a22687474703a2f2f6c6f63616c686f73742f746a736c2d63697265626f6e2f61626f75742d7573223b),
('7gbi9c2le8jnprk49gdld5qk1e8l8j7n', '::1', 1543115309, 0x5f5f63695f6c6173745f726567656e65726174657c693a313534333131353330393b7265717565737465645f706167657c733a37333a22687474703a2f2f6c6f63616c686f73742f7765626373722e70696c6172696e74692e636f2e69642f736b70642f7065727573616861616e2f6c697374656e65725f73686f775f616c6c223b70726576696f75735f706167657c733a37333a22687474703a2f2f6c6f63616c686f73742f7765626373722e70696c6172696e74692e636f2e69642f736b70642f7065727573616861616e2f6c697374656e65725f73686f775f616c6c223b757365725f69647c733a313a2231223b617574685f637573746f6d7c733a353a2261646d696e223b757365725f746f6b656e7c733a34303a2263633434383035336535633562353937623163376561326330356263326263343233303865306636223b6964656e746974797c733a31393a2261646d696e406d79626f6e666972652e636f6d223b726f6c655f69647c733a313a2231223b6c6f676765645f696e7c623a313b6c616e67756167657c733a373a22656e676c697368223b),
('7kourqib0faoa25q3hmqlvvhfcil80fh', '182.253.72.66', 1542349068, 0x5f5f63695f6c6173745f726567656e65726174657c693a313534323334393036383b7265717565737465645f706167657c733a34353a22687474703a2f2f7765626373722e70696c6172696e74692e636f2e69642f7065726d6f686f6e616e5f746a736c223b70726576696f75735f706167657c733a34353a22687474703a2f2f7765626373722e70696c6172696e74692e636f2e69642f7065726d6f686f6e616e5f746a736c223b),
('7vh2m9qbgsc8tpttdfrr1l95p8286do0', '::1', 1543145537, 0x5f5f63695f6c6173745f726567656e65726174657c693a313534333134353533373b7265717565737465645f706167657c733a36363a22687474703a2f2f6c6f63616c686f73742f7765626373722e70696c6172696e74692e636f2e69642f7065727573616861616e2f7065727573616861616e5f6a736f6e223b70726576696f75735f706167657c733a36363a22687474703a2f2f6c6f63616c686f73742f7765626373722e70696c6172696e74692e636f2e69642f7065727573616861616e2f7065727573616861616e5f6a736f6e223b),
('86rtjns4efk6on3tqml2al7d4m974ltp', '::1', 1543140433, 0x5f5f63695f6c6173745f726567656e65726174657c693a313534333134303433333b7265717565737465645f706167657c733a34343a22687474703a2f2f6c6f63616c686f73742f7765626373722e70696c6172696e74692e636f2e69642f736b7064223b757365725f69647c733a313a2231223b617574685f637573746f6d7c733a353a2261646d696e223b757365725f746f6b656e7c733a34303a2263633434383035336535633562353937623163376561326330356263326263343233303865306636223b6964656e746974797c733a31393a2261646d696e406d79626f6e666972652e636f6d223b726f6c655f69647c733a313a2231223b6c6f676765645f696e7c623a313b6c616e67756167657c733a373a22656e676c697368223b70726576696f75735f706167657c733a34343a22687474703a2f2f6c6f63616c686f73742f7765626373722e70696c6172696e74692e636f2e69642f736b7064223b),
('88kqc4qf7s63q2ckvo5oag3aetbfr2op', '::1', 1543117907, 0x5f5f63695f6c6173745f726567656e65726174657c693a313534333131373637353b7265717565737465645f706167657c733a38303a22687474703a2f2f6c6f63616c686f73742f7765626373722e70696c6172696e74692e636f2e69642f736b70642f7065726d6f686f6e616e5f746a736c2f6765745f7065726d6f686f6e616e5f746a736c223b70726576696f75735f706167657c733a38303a22687474703a2f2f6c6f63616c686f73742f7765626373722e70696c6172696e74692e636f2e69642f736b70642f7065726d6f686f6e616e5f746a736c2f6765745f7065726d6f686f6e616e5f746a736c223b757365725f69647c733a313a2231223b617574685f637573746f6d7c733a353a2261646d696e223b757365725f746f6b656e7c733a34303a2263633434383035336535633562353937623163376561326330356263326263343233303865306636223b6964656e746974797c733a31393a2261646d696e406d79626f6e666972652e636f6d223b726f6c655f69647c733a313a2231223b6c6f676765645f696e7c623a313b6c616e67756167657c733a373a22656e676c697368223b),
('8de1pasban1ii9j7rpi3oi89ook0kjvi', '::1', 1542326528, 0x5f5f63695f6c6173745f726567656e65726174657c693a313534323332363532383b7265717565737465645f706167657c733a33303a22687474703a2f2f6c6f63616c686f73742f746a736c2d63697265626f6e2f223b70726576696f75735f706167657c733a33303a22687474703a2f2f6c6f63616c686f73742f746a736c2d63697265626f6e2f223b),
('96musdrcgn9su9m3jaeoql5ilnhiptb4', '::1', 1548131395, 0x5f5f63695f6c6173745f726567656e65726174657c693a313534383133313339353b7265717565737465645f706167657c733a33313a22687474703a2f2f6c6f63616c686f73742f73696d2d63692f6b6f6e7472616b223b70726576696f75735f706167657c733a33313a22687474703a2f2f6c6f63616c686f73742f73696d2d63692f6b6f6e7472616b223b757365725f69647c733a313a2231223b617574685f637573746f6d7c733a353a2261646d696e223b757365725f746f6b656e7c733a34303a2263633434383035336535633562353937623163376561326330356263326263343233303865306636223b6964656e746974797c733a31353a2261646d696e403234732e636f2e6964223b726f6c655f69647c733a313a2231223b6c6f676765645f696e7c623a313b6c616e67756167657c733a373a22656e676c697368223b),
('9j00ietct7v9b5g2tlhevjlfurprc8i1', '::1', 1542328663, 0x5f5f63695f6c6173745f726567656e65726174657c693a313534323332383636333b7265717565737465645f706167657c733a33303a22687474703a2f2f6c6f63616c686f73742f746a736c2d63697265626f6e2f223b70726576696f75735f706167657c733a33303a22687474703a2f2f6c6f63616c686f73742f746a736c2d63697265626f6e2f223b),
('9mnlluk3tkf0qfal9q5c6t6v0cqtgn5b', '140.213.9.219', 1542813621, 0x5f5f63695f6c6173745f726567656e65726174657c693a313534323831333539313b7265717565737465645f706167657c733a33303a22687474703a2f2f7765626373722e70696c6172696e74692e636f2e69642f223b70726576696f75735f706167657c733a33303a22687474703a2f2f7765626373722e70696c6172696e74692e636f2e69642f223b),
('9rtf8h1e4blmdjuqdj2dgd5isibql2go', '::1', 1542325505, 0x5f5f63695f6c6173745f726567656e65726174657c693a313534323332353530353b7265717565737465645f706167657c733a33303a22687474703a2f2f6c6f63616c686f73742f746a736c2d63697265626f6e2f223b70726576696f75735f706167657c733a33303a22687474703a2f2f6c6f63616c686f73742f746a736c2d63697265626f6e2f223b),
('9sejpgmb2pp0vsch15ngsqa8po4nrtav', '64.233.173.22', 1542700863, 0x5f5f63695f6c6173745f726567656e65726174657c693a313534323730303832303b7265717565737465645f706167657c733a33343a22687474703a2f2f7765626373722e70696c6172696e74692e636f2e69642f736b7064223b70726576696f75735f706167657c733a33343a22687474703a2f2f7765626373722e70696c6172696e74692e636f2e69642f736b7064223b757365725f69647c733a313a2231223b617574685f637573746f6d7c733a353a2261646d696e223b757365725f746f6b656e7c733a34303a2263633434383035336535633562353937623163376561326330356263326263343233303865306636223b6964656e746974797c733a31393a2261646d696e406d79626f6e666972652e636f6d223b726f6c655f69647c733a313a2231223b6c6f676765645f696e7c623a313b6c616e67756167657c733a373a22656e676c697368223b),
('aan2e58bm6am9rv482ctv4mb4qsnjr37', '66.102.6.110', 1542767821, 0x5f5f63695f6c6173745f726567656e65726174657c693a313534323736373832313b7265717565737465645f706167657c733a33303a22687474703a2f2f7765626373722e70696c6172696e74692e636f2e69642f223b70726576696f75735f706167657c733a33303a22687474703a2f2f7765626373722e70696c6172696e74692e636f2e69642f223b),
('aes6gr2vsvpluu62ejfplqe0i5ra3r58', '182.253.72.66', 1542356272, 0x5f5f63695f6c6173745f726567656e65726174657c693a313534323335363237323b7265717565737465645f706167657c733a33303a22687474703a2f2f6c6f63616c686f73742f746a736c2d63697265626f6e2f223b70726576696f75735f706167657c733a33303a22687474703a2f2f6c6f63616c686f73742f746a736c2d63697265626f6e2f223b),
('aff0m4rlqncltdvhfsea6e7qakgvhbkm', '182.253.72.66', 1542349618, 0x5f5f63695f6c6173745f726567656e65726174657c693a313534323334393433333b7265717565737465645f706167657c733a33303a22687474703a2f2f7765626373722e70696c6172696e74692e636f2e69642f223b70726576696f75735f706167657c733a33303a22687474703a2f2f7765626373722e70696c6172696e74692e636f2e69642f223b),
('ajmgc4ri3j9mbtteg7ram7cq2p44etfp', '115.178.198.246', 1542422062, 0x5f5f63695f6c6173745f726567656e65726174657c693a313534323432323036313b7265717565737465645f706167657c733a33303a22687474703a2f2f7765626373722e70696c6172696e74692e636f2e69642f223b70726576696f75735f706167657c733a33303a22687474703a2f2f7765626373722e70696c6172696e74692e636f2e69642f223b),
('aln9kcm5qtmk6hl470sfufp1fhtbadf3', '182.253.105.98', 1542600986, 0x5f5f63695f6c6173745f726567656e65726174657c693a313534323630303938363b7265717565737465645f706167657c733a33343a22687474703a2f2f7765626373722e70696c6172696e74692e636f2e69642f736b7064223b6d6573736167657c733a34383a2264616e6765723a3a596f75206d757374206265206c6f6767656420696e20746f2076696577207468617420706167652e223b5f5f63695f766172737c613a313a7b733a373a226d657373616765223b733a333a226e6577223b7d),
('an7coq82sr3g837qksqkl2fs5jm2fs99', '182.253.72.66', 1542356272, 0x5f5f63695f6c6173745f726567656e65726174657c693a313534323335363237323b7265717565737465645f706167657c733a33303a22687474703a2f2f7765626373722e70696c6172696e74692e636f2e69642f223b70726576696f75735f706167657c733a33303a22687474703a2f2f7765626373722e70696c6172696e74692e636f2e69642f223b),
('b7fshgpg9r3br9im9bduhgtdet9bvqll', '::1', 1543114241, 0x5f5f63695f6c6173745f726567656e65726174657c693a313534333131343234313b7265717565737465645f706167657c733a34303a22687474703a2f2f6c6f63616c686f73742f7765626373722e70696c6172696e74692e636f2e69642f223b70726576696f75735f706167657c733a34303a22687474703a2f2f6c6f63616c686f73742f7765626373722e70696c6172696e74692e636f2e69642f223b),
('bbv0qr8ote3n158an1qgp247akf4t8jo', '::1', 1543191083, 0x5f5f63695f6c6173745f726567656e65726174657c693a313534333139313038323b),
('bbv4tc0iku745t6hj0r3dhre6t6tidv1', '::1', 1548132616, 0x5f5f63695f6c6173745f726567656e65726174657c693a313534383133323631363b7265717565737465645f706167657c733a33363a22687474703a2f2f6c6f63616c686f73742f73696d2d63692f6b6f6e7472616b2f75736572223b70726576696f75735f706167657c733a33363a22687474703a2f2f6c6f63616c686f73742f73696d2d63692f6b6f6e7472616b2f75736572223b757365725f69647c733a313a2231223b617574685f637573746f6d7c733a353a2261646d696e223b757365725f746f6b656e7c733a34303a2263633434383035336535633562353937623163376561326330356263326263343233303865306636223b6964656e746974797c733a31353a2261646d696e403234732e636f2e6964223b726f6c655f69647c733a313a2231223b6c6f676765645f696e7c623a313b6c616e67756167657c733a373a22656e676c697368223b),
('bdeba6b4ihhucbb8brp8gh5modrjh6f5', '::1', 1543195602, 0x5f5f63695f6c6173745f726567656e65726174657c693a313534333139353630323b7265717565737465645f706167657c733a37383a22687474703a2f2f6c6f63616c686f73742f7765626373722e70696c6172696e74692e636f2e69642f736b70642f7065726d6f686f6e616e5f746a736c2f6c697374656e65725f73686f775f616c6c223b70726576696f75735f706167657c733a37383a22687474703a2f2f6c6f63616c686f73742f7765626373722e70696c6172696e74692e636f2e69642f736b70642f7065726d6f686f6e616e5f746a736c2f6c697374656e65725f73686f775f616c6c223b757365725f69647c733a313a2231223b617574685f637573746f6d7c733a353a2261646d696e223b757365725f746f6b656e7c733a34303a2263633434383035336535633562353937623163376561326330356263326263343233303865306636223b6964656e746974797c733a31393a2261646d696e406d79626f6e666972652e636f6d223b726f6c655f69647c733a313a2231223b6c6f676765645f696e7c623a313b6c616e67756167657c733a373a22656e676c697368223b),
('bf5thv0j5un1ckc46om3jfb38tcq07f4', '::1', 1543146277, 0x5f5f63695f6c6173745f726567656e65726174657c693a313534333134363237373b7265717565737465645f706167657c733a35353a22687474703a2f2f6c6f63616c686f73742f7765626373722e70696c6172696e74692e636f2e69642f7065726d6f686f6e616e5f746a736c223b70726576696f75735f706167657c733a35353a22687474703a2f2f6c6f63616c686f73742f7765626373722e70696c6172696e74692e636f2e69642f7065726d6f686f6e616e5f746a736c223b),
('bi23hsi50q28cvk5jsvk19jmi5oeh618', '::1', 1548130047, 0x5f5f63695f6c6173745f726567656e65726174657c693a313534383133303034373b7265717565737465645f706167657c733a34313a22687474703a2f2f6c6f63616c686f73742f73696d2d63692f686f6d652f70696c69685f6d6f64756c65223b70726576696f75735f706167657c733a34313a22687474703a2f2f6c6f63616c686f73742f73696d2d63692f686f6d652f70696c69685f6d6f64756c65223b757365725f69647c733a313a2231223b617574685f637573746f6d7c733a353a2261646d696e223b757365725f746f6b656e7c733a34303a2263633434383035336535633562353937623163376561326330356263326263343233303865306636223b6964656e746974797c733a31353a2261646d696e403234732e636f2e6964223b726f6c655f69647c733a313a2231223b6c6f676765645f696e7c623a313b),
('c1s3i9e52el99iepg37crc95nn34usvj', '::1', 1542326152, 0x5f5f63695f6c6173745f726567656e65726174657c693a313534323332363135323b7265717565737465645f706167657c733a33303a22687474703a2f2f6c6f63616c686f73742f746a736c2d63697265626f6e2f223b70726576696f75735f706167657c733a33303a22687474703a2f2f6c6f63616c686f73742f746a736c2d63697265626f6e2f223b),
('c31vevl8jb3br9t87cr85d473qt4b55a', '115.178.195.219', 1542720693, 0x5f5f63695f6c6173745f726567656e65726174657c693a313534323732303639333b7265717565737465645f706167657c733a33303a22687474703a2f2f7765626373722e70696c6172696e74692e636f2e69642f223b70726576696f75735f706167657c733a33303a22687474703a2f2f7765626373722e70696c6172696e74692e636f2e69642f223b),
('d13at9p38i6294b8vcfmb49ce977176b', '115.178.195.219', 1542748469, 0x5f5f63695f6c6173745f726567656e65726174657c693a313534323734383330343b7265717565737465645f706167657c733a34353a22687474703a2f2f7765626373722e70696c6172696e74692e636f2e69642f7065726d6f686f6e616e5f746a736c223b70726576696f75735f706167657c733a34353a22687474703a2f2f7765626373722e70696c6172696e74692e636f2e69642f7065726d6f686f6e616e5f746a736c223b535543434553534d53477c733a3133363a225065726d6f686f6e616e20626572686173696c20646920616a756b616e2c206d6f686f6e2074756e676775206b6f6e6669726d6173692073656c616e6a75746e7961206d656c616c756920656d61696c2064616e2063656b20736563617261206265726b616c6120666f6c64657220696e626f782064616e207370616d20656d61696c20616e6461223b5f5f63695f766172737c613a313a7b733a31303a22535543434553534d5347223b733a333a226f6c64223b7d),
('d6kem4ca7d5nvd2h3fptkkuk41kc0lod', '182.253.72.66', 1542349135, 0x5f5f63695f6c6173745f726567656e65726174657c693a313534323334393039373b7265717565737465645f706167657c733a33343a22687474703a2f2f7765626373722e70696c6172696e74692e636f2e69642f6e657773223b70726576696f75735f706167657c733a33343a22687474703a2f2f7765626373722e70696c6172696e74692e636f2e69642f6e657773223b),
('dagt6ltjgtkjj2mf0v0ak52g4f17a2bo', '180.253.140.75', 1542765973, 0x5f5f63695f6c6173745f726567656e65726174657c693a313534323736353937333b7265717565737465645f706167657c733a36383a22687474703a2f2f7765626373722e70696c6172696e74692e636f2e69642f736b70642f746970655f7065727573616861616e2f6c697374656e65725f73686f775f616c6c223b70726576696f75735f706167657c733a36383a22687474703a2f2f7765626373722e70696c6172696e74692e636f2e69642f736b70642f746970655f7065727573616861616e2f6c697374656e65725f73686f775f616c6c223b757365725f69647c733a313a2231223b617574685f637573746f6d7c733a353a2261646d696e223b757365725f746f6b656e7c733a34303a2263633434383035336535633562353937623163376561326330356263326263343233303865306636223b6964656e746974797c733a31393a2261646d696e406d79626f6e666972652e636f6d223b726f6c655f69647c733a313a2231223b6c6f676765645f696e7c623a313b6c616e67756167657c733a373a22656e676c697368223b),
('dd6enlk2um4b1orqvbv8hnk4b28ob439', '::1', 1543190613, 0x5f5f63695f6c6173745f726567656e65726174657c693a313534333139303631333b),
('dgsst6ptaj21cubcfbitdkmjipsn9liq', '::1', 1542296526, 0x5f5f63695f6c6173745f726567656e65726174657c693a313534323239363532363b7265717565737465645f706167657c733a34383a22687474703a2f2f6c6f63616c686f73742f746a736c2d63697265626f6e2f746a736c2f6765745f6b656c75726168616e223b70726576696f75735f706167657c733a34383a22687474703a2f2f6c6f63616c686f73742f746a736c2d63697265626f6e2f746a736c2f6765745f6b656c75726168616e223b),
('dje0na7v8tmstpn7ekci410qv7ir8rvg', '::1', 1542297593, 0x5f5f63695f6c6173745f726567656e65726174657c693a313534323239373539333b7265717565737465645f706167657c733a34323a22687474703a2f2f6c6f63616c686f73742f746a736c2d63697265626f6e2f72656b61706974756c617369223b70726576696f75735f706167657c733a34353a22687474703a2f2f6c6f63616c686f73742f746a736c2d63697265626f6e2f7065726d6f686f6e616e5f746a736c223b),
('djqomochk6perjie4pltuh11qtkqggj2', '::1', 1542328312, 0x5f5f63695f6c6173745f726567656e65726174657c693a313534323332383331323b7265717565737465645f706167657c733a33303a22687474703a2f2f6c6f63616c686f73742f746a736c2d63697265626f6e2f223b70726576696f75735f706167657c733a33303a22687474703a2f2f6c6f63616c686f73742f746a736c2d63697265626f6e2f223b),
('dq1i0esp3fks45mccf30r25kjvt5gn4a', '115.178.198.246', 1542425815, 0x5f5f63695f6c6173745f726567656e65726174657c693a313534323432353831353b7265717565737465645f706167657c733a33303a22687474703a2f2f7765626373722e70696c6172696e74692e636f2e69642f223b70726576696f75735f706167657c733a33303a22687474703a2f2f7765626373722e70696c6172696e74692e636f2e69642f223b),
('dsm8q7ncne37gl1ncve9u7arm20fs0lm', '::1', 1542337594, 0x5f5f63695f6c6173745f726567656e65726174657c693a313534323333373539343b7265717565737465645f706167657c733a33303a22687474703a2f2f6c6f63616c686f73742f746a736c2d63697265626f6e2f223b70726576696f75735f706167657c733a33303a22687474703a2f2f6c6f63616c686f73742f746a736c2d63697265626f6e2f223b),
('dtq28r9m4kjt02s033hmp8f01ai1b44p', '180.253.140.75', 1542766390, 0x5f5f63695f6c6173745f726567656e65726174657c693a313534323736363339303b7265717565737465645f706167657c733a36383a22687474703a2f2f7765626373722e70696c6172696e74692e636f2e69642f736b70642f7065726d6f686f6e616e5f746a736c2f6c697374656e65725f73686f775f616c6c223b70726576696f75735f706167657c733a35303a22687474703a2f2f7765626373722e70696c6172696e74692e636f2e69642f736b70642f7065726d6f686f6e616e5f746a736c223b757365725f69647c733a313a2231223b617574685f637573746f6d7c733a353a2261646d696e223b757365725f746f6b656e7c733a34303a2263633434383035336535633562353937623163376561326330356263326263343233303865306636223b6964656e746974797c733a31393a2261646d696e406d79626f6e666972652e636f6d223b726f6c655f69647c733a313a2231223b6c6f676765645f696e7c623a313b6c616e67756167657c733a373a22656e676c697368223b),
('e5tuadi07dmq24bcju9d1cv95obemrd2', '182.253.72.66', 1542348499, 0x5f5f63695f6c6173745f726567656e65726174657c693a313534323334383439393b7265717565737465645f706167657c733a34353a22687474703a2f2f7765626373722e70696c6172696e74692e636f2e69642f7065726d6f686f6e616e5f746a736c223b70726576696f75735f706167657c733a34353a22687474703a2f2f7765626373722e70696c6172696e74692e636f2e69642f7065726d6f686f6e616e5f746a736c223b),
('e6h4tvig0eef6utusk19k7b4dfh7s2rh', '180.253.169.81', 1542417909, 0x5f5f63695f6c6173745f726567656e65726174657c693a313534323431373733333b7265717565737465645f706167657c733a33343a22687474703a2f2f7765626373722e70696c6172696e74692e636f2e69642f736b7064223b70726576696f75735f706167657c733a33343a22687474703a2f2f7765626373722e70696c6172696e74692e636f2e69642f736b7064223b757365725f69647c733a313a2231223b617574685f637573746f6d7c733a353a2261646d696e223b757365725f746f6b656e7c733a34303a2263633434383035336535633562353937623163376561326330356263326263343233303865306636223b6964656e746974797c733a31393a2261646d696e406d79626f6e666972652e636f6d223b726f6c655f69647c733a313a2231223b6c6f676765645f696e7c623a313b6c616e67756167657c733a373a22656e676c697368223b),
('e7kf3cihmbdiu7odtn9uictue5fbfk62', '::1', 1543114570, 0x5f5f63695f6c6173745f726567656e65726174657c693a313534333131343537303b7265717565737465645f706167657c733a36303a22687474703a2f2f6c6f63616c686f73742f7765626373722e70696c6172696e74692e636f2e69642f736b70642f7065727573616861616e2f73617665223b70726576696f75735f706167657c733a37333a22687474703a2f2f6c6f63616c686f73742f7765626373722e70696c6172696e74692e636f2e69642f736b70642f7065727573616861616e2f6c697374656e65725f73686f775f616c6c223b757365725f69647c733a313a2231223b617574685f637573746f6d7c733a353a2261646d696e223b757365725f746f6b656e7c733a34303a2263633434383035336535633562353937623163376561326330356263326263343233303865306636223b6964656e746974797c733a31393a2261646d696e406d79626f6e666972652e636f6d223b726f6c655f69647c733a313a2231223b6c6f676765645f696e7c623a313b6c616e67756167657c733a373a22656e676c697368223b),
('e94204qoo3srojjvb7rn0ql7vt881sdu', '36.71.233.149', 1543110516, 0x5f5f63695f6c6173745f726567656e65726174657c693a313534333131303530303b7265717565737465645f706167657c733a33343a22687474703a2f2f7765626373722e70696c6172696e74692e636f2e69642f6e657773223b70726576696f75735f706167657c733a33343a22687474703a2f2f7765626373722e70696c6172696e74692e636f2e69642f6e657773223b757365725f69647c733a313a2231223b617574685f637573746f6d7c733a353a2261646d696e223b757365725f746f6b656e7c733a34303a2263633434383035336535633562353937623163376561326330356263326263343233303865306636223b6964656e746974797c733a31393a2261646d696e406d79626f6e666972652e636f6d223b726f6c655f69647c733a313a2231223b6c6f676765645f696e7c623a313b6c616e67756167657c733a373a22656e676c697368223b),
('eeblguck4s9rgichqaa7cim95nhv3ipi', '::1', 1543145955, 0x5f5f63695f6c6173745f726567656e65726174657c693a313534333134353935353b7265717565737465645f706167657c733a35353a22687474703a2f2f6c6f63616c686f73742f7765626373722e70696c6172696e74692e636f2e69642f7065726d6f686f6e616e5f746a736c223b70726576696f75735f706167657c733a35353a22687474703a2f2f6c6f63616c686f73742f7765626373722e70696c6172696e74692e636f2e69642f7065726d6f686f6e616e5f746a736c223b),
('emlps97r139u03fq7lrs1fqcu745kso3', '::1', 1548132278, 0x5f5f63695f6c6173745f726567656e65726174657c693a313534383133323237383b7265717565737465645f706167657c733a34373a22687474703a2f2f6c6f63616c686f73742f73696d2d63692f6b6f6e7472616b2f746970655f7065727573616861616e223b70726576696f75735f706167657c733a34373a22687474703a2f2f6c6f63616c686f73742f73696d2d63692f6b6f6e7472616b2f746970655f7065727573616861616e223b757365725f69647c733a313a2231223b617574685f637573746f6d7c733a353a2261646d696e223b757365725f746f6b656e7c733a34303a2263633434383035336535633562353937623163376561326330356263326263343233303865306636223b6964656e746974797c733a31353a2261646d696e403234732e636f2e6964223b726f6c655f69647c733a313a2231223b6c6f676765645f696e7c623a313b6c616e67756167657c733a373a22656e676c697368223b),
('entor8nd1judi6bvo388k3oafqldegek', '::1', 1542297292, 0x5f5f63695f6c6173745f726567656e65726174657c693a313534323239373239323b7265717565737465645f706167657c733a34353a22687474703a2f2f6c6f63616c686f73742f746a736c2d63697265626f6e2f7065726d6f686f6e616e5f746a736c223b70726576696f75735f706167657c733a34353a22687474703a2f2f6c6f63616c686f73742f746a736c2d63697265626f6e2f7065726d6f686f6e616e5f746a736c223b535543434553534d53477c733a36383a225065726d6f686f6e616e20626572686173696c20646920616a756b616e206d6f686f6e2074756e676775206b6f6e6669726d6173692073656c616e6a75746e7961202121223b5f5f63695f766172737c613a313a7b733a31303a22535543434553534d5347223b733a333a226f6c64223b7d),
('eq073i2hs2l8mn9t0hlciuuq18j2vglh', '::1', 1542337275, 0x5f5f63695f6c6173745f726567656e65726174657c693a313534323333373237353b7265717565737465645f706167657c733a33303a22687474703a2f2f6c6f63616c686f73742f746a736c2d63697265626f6e2f223b70726576696f75735f706167657c733a33303a22687474703a2f2f6c6f63616c686f73742f746a736c2d63697265626f6e2f223b),
('eu4nod9jm4kfjq3hoqfafhsoo2esgd04', '115.178.200.218', 1542845344, 0x5f5f63695f6c6173745f726567656e65726174657c693a313534323834353231353b7265717565737465645f706167657c733a36303a22687474703a2f2f7765626373722e70696c6172696e74692e636f2e69642f746a736c2f6765745f7375625f70726f6772616d5f7072696f7269746173223b70726576696f75735f706167657c733a36303a22687474703a2f2f7765626373722e70696c6172696e74692e636f2e69642f746a736c2f6765745f7375625f70726f6772616d5f7072696f7269746173223b),
('eu7nemicsnd1k7uit9m2egn9bukp9f8t', '::1', 1548134662, 0x5f5f63695f6c6173745f726567656e65726174657c693a313534383133343339343b7265717565737465645f706167657c733a36353a22687474703a2f2f6c6f63616c686f73742f73696d2d63692f6b6f6e7472616b2f746970655f7065727573616861616e2f6c697374656e65725f73686f775f616c6c223b70726576696f75735f706167657c733a36353a22687474703a2f2f6c6f63616c686f73742f73696d2d63692f6b6f6e7472616b2f746970655f7065727573616861616e2f6c697374656e65725f73686f775f616c6c223b757365725f69647c733a313a2231223b617574685f637573746f6d7c733a353a2261646d696e223b757365725f746f6b656e7c733a34303a2263633434383035336535633562353937623163376561326330356263326263343233303865306636223b6964656e746974797c733a31353a2261646d696e403234732e636f2e6964223b726f6c655f69647c733a313a2231223b6c6f676765645f696e7c623a313b6c616e67756167657c733a373a22656e676c697368223b);
INSERT INTO `ci3_sessions` (`id`, `ip_address`, `timestamp`, `data`) VALUES
('f5cip58ho1mftu5f9g2ilqms6t336ct6', '::1', 1548137283, 0x5f5f63695f6c6173745f726567656e65726174657c693a313534383133373230323b7265717565737465645f706167657c733a34313a22687474703a2f2f6c6f63616c686f73742f73696d2d63692f686f6d652f70696c69685f6d6f64756c65223b757365725f69647c733a313a2231223b617574685f637573746f6d7c733a353a2261646d696e223b757365725f746f6b656e7c733a34303a2263633434383035336535633562353937623163376561326330356263326263343233303865306636223b6964656e746974797c733a31353a2261646d696e403234732e636f2e6964223b726f6c655f69647c733a313a2231223b6c6f676765645f696e7c623a313b70726576696f75735f706167657c733a34313a22687474703a2f2f6c6f63616c686f73742f73696d2d63692f686f6d652f70696c69685f6d6f64756c65223b6c616e67756167657c733a373a22656e676c697368223b),
('f7fge9mgufrpvlflbj4qkh7u8gj2ehgk', '::1', 1542340673, 0x5f5f63695f6c6173745f726567656e65726174657c693a313534323334303637333b7265717565737465645f706167657c733a33303a22687474703a2f2f6c6f63616c686f73742f746a736c2d63697265626f6e2f223b70726576696f75735f706167657c733a33303a22687474703a2f2f6c6f63616c686f73742f746a736c2d63697265626f6e2f223b),
('f8m4f2pmm5v0s6nq71r5dcff2rj3v5rt', '::1', 1542302279, 0x5f5f63695f6c6173745f726567656e65726174657c693a313534323330323237383b7265717565737465645f706167657c733a34323a22687474703a2f2f6c6f63616c686f73742f746a736c2d63697265626f6e2f72656b61706974756c617369223b70726576696f75735f706167657c733a34323a22687474703a2f2f6c6f63616c686f73742f746a736c2d63697265626f6e2f72656b61706974756c617369223b),
('fbvga082lmu46o0fke9h7gt4sdmnm109', '::1', 1542301872, 0x5f5f63695f6c6173745f726567656e65726174657c693a313534323330313837323b7265717565737465645f706167657c733a34323a22687474703a2f2f6c6f63616c686f73742f746a736c2d63697265626f6e2f72656b61706974756c617369223b70726576696f75735f706167657c733a34323a22687474703a2f2f6c6f63616c686f73742f746a736c2d63697265626f6e2f72656b61706974756c617369223b),
('fj99vkfk3tpooo69pddcfcqf8g8b2tvh', '::1', 1542298737, 0x5f5f63695f6c6173745f726567656e65726174657c693a313534323239383733373b7265717565737465645f706167657c733a34323a22687474703a2f2f6c6f63616c686f73742f746a736c2d63697265626f6e2f72656b61706974756c617369223b70726576696f75735f706167657c733a34353a22687474703a2f2f6c6f63616c686f73742f746a736c2d63697265626f6e2f7065726d6f686f6e616e5f746a736c223b),
('g11ogv5dpq36d7rnkvdqjrnqegi1vcu8', '::1', 1543116308, 0x5f5f63695f6c6173745f726567656e65726174657c693a313534333131363330383b7265717565737465645f706167657c733a37303a22687474703a2f2f6c6f63616c686f73742f7765626373722e70696c6172696e74692e636f2e69642f736b70642f7065727573616861616e2f6765745f7065727573616861616e223b70726576696f75735f706167657c733a37303a22687474703a2f2f6c6f63616c686f73742f7765626373722e70696c6172696e74692e636f2e69642f736b70642f7065727573616861616e2f6765745f7065727573616861616e223b757365725f69647c733a313a2231223b617574685f637573746f6d7c733a353a2261646d696e223b757365725f746f6b656e7c733a34303a2263633434383035336535633562353937623163376561326330356263326263343233303865306636223b6964656e746974797c733a31393a2261646d696e406d79626f6e666972652e636f6d223b726f6c655f69647c733a313a2231223b6c6f676765645f696e7c623a313b6c616e67756167657c733a373a22656e676c697368223b),
('g488ncr8et5gfnrdt43igijpnrn094c4', '182.253.72.66', 1542348274, 0x5f5f63695f6c6173745f726567656e65726174657c693a313534323334383237343b7265717565737465645f706167657c733a34353a22687474703a2f2f7765626373722e70696c6172696e74692e636f2e69642f7065726d6f686f6e616e5f746a736c223b70726576696f75735f706167657c733a34353a22687474703a2f2f7765626373722e70696c6172696e74692e636f2e69642f7065726d6f686f6e616e5f746a736c223b),
('gep5vshh813novoua97oq0rvlt4tm1jk', '182.253.72.66', 1542349097, 0x5f5f63695f6c6173745f726567656e65726174657c693a313534323334393039373b7265717565737465645f706167657c733a34353a22687474703a2f2f7765626373722e70696c6172696e74692e636f2e69642f7065726d6f686f6e616e5f746a736c223b70726576696f75735f706167657c733a34353a22687474703a2f2f7765626373722e70696c6172696e74692e636f2e69642f7065726d6f686f6e616e5f746a736c223b),
('gnel1ku574rfkh3gpgthi08i7m2hj6kp', '::1', 1543114824, 0x5f5f63695f6c6173745f726567656e65726174657c693a313534333131343832343b7265717565737465645f706167657c733a35383a22687474703a2f2f6c6f63616c686f73742f7765626373722e70696c6172696e74692e636f2e69642f746a736c2f6765745f6b656c75726168616e223b70726576696f75735f706167657c733a35383a22687474703a2f2f6c6f63616c686f73742f7765626373722e70696c6172696e74692e636f2e69642f746a736c2f6765745f6b656c75726168616e223b),
('grocfde1o56fp4dis9ivhdfdp61vmol4', '::1', 1543114989, 0x5f5f63695f6c6173745f726567656e65726174657c693a313534333131343832343b7265717565737465645f706167657c733a35393a22687474703a2f2f6c6f63616c686f73742f7765626373722e70696c6172696e74692e636f2e69642f746a736c2f6765745f7065727573616861616e223b70726576696f75735f706167657c733a35353a22687474703a2f2f6c6f63616c686f73742f7765626373722e70696c6172696e74692e636f2e69642f7065726d6f686f6e616e5f746a736c223b),
('gssfak4gfo3pcofo4majjnp1td05qgp1', '182.253.72.66', 1542349074, 0x5f5f63695f6c6173745f726567656e65726174657c693a313534323334393036383b7265717565737465645f706167657c733a33343a22687474703a2f2f7765626373722e70696c6172696e74692e636f2e69642f6e657773223b70726576696f75735f706167657c733a33343a22687474703a2f2f7765626373722e70696c6172696e74692e636f2e69642f6e657773223b),
('h2tqdr55ei85nl2h02a2m21cdds6urkv', '182.253.72.66', 1542348048, 0x5f5f63695f6c6173745f726567656e65726174657c693a313534323334383034383b7265717565737465645f706167657c733a35363a22687474703a2f2f7765626373722e70696c6172696e74692e636f2e69642f7065727573616861616e2f7065727573616861616e5f6a736f6e223b70726576696f75735f706167657c733a35363a22687474703a2f2f7765626373722e70696c6172696e74692e636f2e69642f7065727573616861616e2f7065727573616861616e5f6a736f6e223b),
('h34ullqivukumnu6ifnijqbft9v6mvl9', '::1', 1548133005, 0x5f5f63695f6c6173745f726567656e65726174657c693a313534383133333030353b7265717565737465645f706167657c733a36353a22687474703a2f2f6c6f63616c686f73742f73696d2d63692f6b6f6e7472616b2f746970655f7065727573616861616e2f6c697374656e65725f73686f775f616c6c223b70726576696f75735f706167657c733a36353a22687474703a2f2f6c6f63616c686f73742f73696d2d63692f6b6f6e7472616b2f746970655f7065727573616861616e2f6c697374656e65725f73686f775f616c6c223b757365725f69647c733a313a2231223b617574685f637573746f6d7c733a353a2261646d696e223b757365725f746f6b656e7c733a34303a2263633434383035336535633562353937623163376561326330356263326263343233303865306636223b6964656e746974797c733a31353a2261646d696e403234732e636f2e6964223b726f6c655f69647c733a313a2231223b6c6f676765645f696e7c623a313b6c616e67756167657c733a373a22656e676c697368223b),
('h7e2pd0b51n418s4vrlndnh76m68ek7d', '::1', 1543190059, 0x5f5f63695f6c6173745f726567656e65726174657c693a313534333139303035393b7265717565737465645f706167657c733a34303a22687474703a2f2f6c6f63616c686f73742f7765626373722e70696c6172696e74692e636f2e69642f223b70726576696f75735f706167657c733a34303a22687474703a2f2f6c6f63616c686f73742f7765626373722e70696c6172696e74692e636f2e69642f223b),
('hh7k4r36il25p3pt36mog7k9oe0rgodg', '::1', 1548130726, 0x5f5f63695f6c6173745f726567656e65726174657c693a313534383133303732363b7265717565737465645f706167657c733a33313a22687474703a2f2f6c6f63616c686f73742f73696d2d63692f6b6f6e7472616b223b70726576696f75735f706167657c733a33313a22687474703a2f2f6c6f63616c686f73742f73696d2d63692f6b6f6e7472616b223b757365725f69647c733a313a2231223b617574685f637573746f6d7c733a353a2261646d696e223b757365725f746f6b656e7c733a34303a2263633434383035336535633562353937623163376561326330356263326263343233303865306636223b6964656e746974797c733a31353a2261646d696e403234732e636f2e6964223b726f6c655f69647c733a313a2231223b6c6f676765645f696e7c623a313b6c616e67756167657c733a373a22656e676c697368223b),
('hrda9tuv3nikefda6ladjo04gvp6ucq1', '115.178.195.219', 1542721359, 0x5f5f63695f6c6173745f726567656e65726174657c693a313534323732313134373b7265717565737465645f706167657c733a34323a22687474703a2f2f7765626373722e70696c6172696e74692e636f2e69642f72656b61706974756c617369223b70726576696f75735f706167657c733a34323a22687474703a2f2f7765626373722e70696c6172696e74692e636f2e69642f72656b61706974756c617369223b),
('hvar4g6r76p1nav1bdsp588lrlu5c216', '66.102.6.110', 1542767821, 0x5f5f63695f6c6173745f726567656e65726174657c693a313534323736373832313b7265717565737465645f706167657c733a33303a22687474703a2f2f7765626373722e70696c6172696e74692e636f2e69642f223b70726576696f75735f706167657c733a33303a22687474703a2f2f7765626373722e70696c6172696e74692e636f2e69642f223b),
('i7gussd5tlr1e26fqcbli280fir8l4ip', '::1', 1542293260, 0x5f5f63695f6c6173745f726567656e65726174657c693a313534323239333236303b7265717565737465645f706167657c733a34363a22687474703a2f2f6c6f63616c686f73742f746a736c2d63697265626f6e2f73696d70616e5f70656e67616a75616e223b70726576696f75735f706167657c733a34353a22687474703a2f2f6c6f63616c686f73742f746a736c2d63697265626f6e2f7065726d6f686f6e616e5f746a736c223b),
('ii1rraeqgdrrlosbo6uhu756ehkh1l4v', '::1', 1542327229, 0x5f5f63695f6c6173745f726567656e65726174657c693a313534323332373232393b7265717565737465645f706167657c733a33303a22687474703a2f2f6c6f63616c686f73742f746a736c2d63697265626f6e2f223b70726576696f75735f706167657c733a33303a22687474703a2f2f6c6f63616c686f73742f746a736c2d63697265626f6e2f223b),
('itlb4mt33a5oonrfsc5q4kr5vgao0ujs', '::1', 1543144917, 0x5f5f63695f6c6173745f726567656e65726174657c693a313534333134343931373b7265717565737465645f706167657c733a36363a22687474703a2f2f6c6f63616c686f73742f7765626373722e70696c6172696e74692e636f2e69642f7065727573616861616e2f7065727573616861616e5f6a736f6e223b70726576696f75735f706167657c733a36363a22687474703a2f2f6c6f63616c686f73742f7765626373722e70696c6172696e74692e636f2e69642f7065727573616861616e2f7065727573616861616e5f6a736f6e223b),
('j757ntate2dcue29kjmhfh7fp6uc93rg', '::1', 1542335941, 0x5f5f63695f6c6173745f726567656e65726174657c693a313534323333353934313b7265717565737465645f706167657c733a33303a22687474703a2f2f6c6f63616c686f73742f746a736c2d63697265626f6e2f223b70726576696f75735f706167657c733a33303a22687474703a2f2f6c6f63616c686f73742f746a736c2d63697265626f6e2f223b),
('jarp6k76ohvimabagl0kr8029dqq5l55', '::1', 1548129499, 0x5f5f63695f6c6173745f726567656e65726174657c693a313534383132393439393b7265717565737465645f706167657c733a34313a22687474703a2f2f6c6f63616c686f73742f73696d2d63692f686f6d652f70696c69685f6d6f64756c65223b70726576696f75735f706167657c733a34313a22687474703a2f2f6c6f63616c686f73742f73696d2d63692f686f6d652f70696c69685f6d6f64756c65223b757365725f69647c733a313a2231223b617574685f637573746f6d7c733a353a2261646d696e223b757365725f746f6b656e7c733a34303a2263633434383035336535633562353937623163376561326330356263326263343233303865306636223b6964656e746974797c733a31353a2261646d696e403234732e636f2e6964223b726f6c655f69647c733a313a2231223b6c6f676765645f696e7c623a313b),
('jfi48d9rt6o3ffckg1pgh031o9vfpuhb', '::1', 1543143144, 0x5f5f63695f6c6173745f726567656e65726174657c693a313534333134333134343b7265717565737465645f706167657c733a35363a22687474703a2f2f6c6f63616c686f73742f7765626373722e70696c6172696e74692e636f2e69642f73696d70616e5f70656e67616a75616e223b70726576696f75735f706167657c733a35393a22687474703a2f2f6c6f63616c686f73742f7765626373722e70696c6172696e74692e636f2e69642f746a736c2f6765745f7065727573616861616e223b),
('jhn0k4tidaefk0usjc2aks20f36jogc1', '::1', 1548131816, 0x5f5f63695f6c6173745f726567656e65726174657c693a313534383133313831363b7265717565737465645f706167657c733a33313a22687474703a2f2f6c6f63616c686f73742f73696d2d63692f6b6f6e7472616b223b70726576696f75735f706167657c733a33313a22687474703a2f2f6c6f63616c686f73742f73696d2d63692f6b6f6e7472616b223b757365725f69647c733a313a2231223b617574685f637573746f6d7c733a353a2261646d696e223b757365725f746f6b656e7c733a34303a2263633434383035336535633562353937623163376561326330356263326263343233303865306636223b6964656e746974797c733a31353a2261646d696e403234732e636f2e6964223b726f6c655f69647c733a313a2231223b6c6f676765645f696e7c623a313b6c616e67756167657c733a373a22656e676c697368223b),
('k1ki5nvaqni7cis3ctdh92u2ekubmqp4', '115.178.195.219', 1542721147, 0x5f5f63695f6c6173745f726567656e65726174657c693a313534323732313134373b7265717565737465645f706167657c733a34393a22687474703a2f2f7765626373722e70696c6172696e74692e636f2e69642f746a736c2f6765745f7065727573616861616e223b70726576696f75735f706167657c733a34393a22687474703a2f2f7765626373722e70696c6172696e74692e636f2e69642f746a736c2f6765745f7065727573616861616e223b),
('kj2galk1gu59gt9uv708m8sseha468cq', '180.253.140.75', 1542765257, 0x5f5f63695f6c6173745f726567656e65726174657c693a313534323736353235373b7265717565737465645f706167657c733a33303a22687474703a2f2f7765626373722e70696c6172696e74692e636f2e69642f223b70726576696f75735f706167657c733a33303a22687474703a2f2f7765626373722e70696c6172696e74692e636f2e69642f223b),
('kvpcabvoccbtq96fdusotei31q6clr47', '::1', 1543148000, 0x5f5f63695f6c6173745f726567656e65726174657c693a313534333134383030303b7265717565737465645f706167657c733a35353a22687474703a2f2f6c6f63616c686f73742f7765626373722e70696c6172696e74692e636f2e69642f7065726d6f686f6e616e5f746a736c223b70726576696f75735f706167657c733a35353a22687474703a2f2f6c6f63616c686f73742f7765626373722e70696c6172696e74692e636f2e69642f7065726d6f686f6e616e5f746a736c223b),
('l1ktkar7pb83c35fshft0rt9m80tusug', '::1', 1543114998, 0x5f5f63695f6c6173745f726567656e65726174657c693a313534333131343939383b7265717565737465645f706167657c733a37333a22687474703a2f2f6c6f63616c686f73742f7765626373722e70696c6172696e74692e636f2e69642f736b70642f7065727573616861616e2f6c697374656e65725f73686f775f616c6c223b70726576696f75735f706167657c733a37333a22687474703a2f2f6c6f63616c686f73742f7765626373722e70696c6172696e74692e636f2e69642f736b70642f7065727573616861616e2f6c697374656e65725f73686f775f616c6c223b757365725f69647c733a313a2231223b617574685f637573746f6d7c733a353a2261646d696e223b757365725f746f6b656e7c733a34303a2263633434383035336535633562353937623163376561326330356263326263343233303865306636223b6964656e746974797c733a31393a2261646d696e406d79626f6e666972652e636f6d223b726f6c655f69647c733a313a2231223b6c6f676765645f696e7c623a313b6c616e67756167657c733a373a22656e676c697368223b),
('l47jihsnt7au8bthsbklshg7r18urqng', '115.178.199.14', 1542375054, 0x5f5f63695f6c6173745f726567656e65726174657c693a313534323337353035343b7265717565737465645f706167657c733a33383a22687474703a2f2f7765626373722e70696c6172696e74692e636f2e69642f61626f75742d7573223b70726576696f75735f706167657c733a33383a22687474703a2f2f7765626373722e70696c6172696e74692e636f2e69642f61626f75742d7573223b),
('lfr4failem884nbahkoebv8nvand45ur', '::1', 1542292773, 0x5f5f63695f6c6173745f726567656e65726174657c693a313534323239323737333b7265717565737465645f706167657c733a34363a22687474703a2f2f6c6f63616c686f73742f746a736c2d63697265626f6e2f73696d70616e5f70656e67616a75616e223b70726576696f75735f706167657c733a34353a22687474703a2f2f6c6f63616c686f73742f746a736c2d63697265626f6e2f7065726d6f686f6e616e5f746a736c223b),
('lhdcdpba7h3nn00f1gc2gqpv0p02cvjn', '::1', 1542338400, 0x5f5f63695f6c6173745f726567656e65726174657c693a313534323333383430303b7265717565737465645f706167657c733a33303a22687474703a2f2f6c6f63616c686f73742f746a736c2d63697265626f6e2f223b70726576696f75735f706167657c733a33303a22687474703a2f2f6c6f63616c686f73742f746a736c2d63697265626f6e2f223b),
('lhu0t8459oaa31qql66hj9obqg6q7b1b', '::1', 1543189488, 0x5f5f63695f6c6173745f726567656e65726174657c693a313534333138393438383b7265717565737465645f706167657c733a34303a22687474703a2f2f6c6f63616c686f73742f7765626373722e70696c6172696e74692e636f2e69642f223b70726576696f75735f706167657c733a34303a22687474703a2f2f6c6f63616c686f73742f7765626373722e70696c6172696e74692e636f2e69642f223b),
('lhvrhsbe8kofqtek7he9b2lq2panmk00', '::1', 1543143451, 0x5f5f63695f6c6173745f726567656e65726174657c693a313534333134333435313b7265717565737465645f706167657c733a35363a22687474703a2f2f6c6f63616c686f73742f7765626373722e70696c6172696e74692e636f2e69642f73696d70616e5f70656e67616a75616e223b70726576696f75735f706167657c733a35393a22687474703a2f2f6c6f63616c686f73742f7765626373722e70696c6172696e74692e636f2e69642f746a736c2f6765745f7065727573616861616e223b),
('lphvv8lu0beic2noc3g33nid7f9r9pi0', '::1', 1543116627, 0x5f5f63695f6c6173745f726567656e65726174657c693a313534333131363632373b7265717565737465645f706167657c733a38303a22687474703a2f2f6c6f63616c686f73742f7765626373722e70696c6172696e74692e636f2e69642f736b70642f7065726d6f686f6e616e5f746a736c2f6765745f7065726d6f686f6e616e5f746a736c223b70726576696f75735f706167657c733a38303a22687474703a2f2f6c6f63616c686f73742f7765626373722e70696c6172696e74692e636f2e69642f736b70642f7065726d6f686f6e616e5f746a736c2f6765745f7065726d6f686f6e616e5f746a736c223b757365725f69647c733a313a2231223b617574685f637573746f6d7c733a353a2261646d696e223b757365725f746f6b656e7c733a34303a2263633434383035336535633562353937623163376561326330356263326263343233303865306636223b6964656e746974797c733a31393a2261646d696e406d79626f6e666972652e636f6d223b726f6c655f69647c733a313a2231223b6c6f676765645f696e7c623a313b6c616e67756167657c733a373a22656e676c697368223b),
('lth7n1gsfr0ldr0i0ah0ct8p8v30qat0', '::1', 1542336713, 0x5f5f63695f6c6173745f726567656e65726174657c693a313534323333363731333b7265717565737465645f706167657c733a33303a22687474703a2f2f6c6f63616c686f73742f746a736c2d63697265626f6e2f223b70726576696f75735f706167657c733a33303a22687474703a2f2f6c6f63616c686f73742f746a736c2d63697265626f6e2f223b),
('m0uk7jck63jlbql5v08guj41e61bht9o', '64.233.173.21', 1542870286, 0x5f5f63695f6c6173745f726567656e65726174657c693a313534323837303238353b7265717565737465645f706167657c733a33303a22687474703a2f2f7765626373722e70696c6172696e74692e636f2e69642f223b70726576696f75735f706167657c733a33303a22687474703a2f2f7765626373722e70696c6172696e74692e636f2e69642f223b),
('m98mrptd8l36b7jfie46mhl76r86v3rp', '::1', 1542325817, 0x5f5f63695f6c6173745f726567656e65726174657c693a313534323332353831373b7265717565737465645f706167657c733a33303a22687474703a2f2f6c6f63616c686f73742f746a736c2d63697265626f6e2f223b70726576696f75735f706167657c733a33303a22687474703a2f2f6c6f63616c686f73742f746a736c2d63697265626f6e2f223b),
('mcg3j3maclqn825ejlva173epp0770iu', '::1', 1543141854, 0x5f5f63695f6c6173745f726567656e65726174657c693a313534333134313835343b7265717565737465645f706167657c733a35393a22687474703a2f2f6c6f63616c686f73742f7765626373722e70696c6172696e74692e636f2e69642f746a736c2f6765745f7065727573616861616e223b70726576696f75735f706167657c733a35353a22687474703a2f2f6c6f63616c686f73742f7765626373722e70696c6172696e74692e636f2e69642f7065726d6f686f6e616e5f746a736c223b),
('md80f258ob8lft1eo3hna4lhdcg54lud', '::1', 1542296002, 0x5f5f63695f6c6173745f726567656e65726174657c693a313534323239363030323b7265717565737465645f706167657c733a34363a22687474703a2f2f6c6f63616c686f73742f746a736c2d63697265626f6e2f73696d70616e5f70656e67616a75616e223b70726576696f75735f706167657c733a34383a22687474703a2f2f6c6f63616c686f73742f746a736c2d63697265626f6e2f746a736c2f6765745f6b656c75726168616e223b),
('mf486jk7gtqm570g2euivaps1r584pt7', '::1', 1543115985, 0x5f5f63695f6c6173745f726567656e65726174657c693a313534333131353938353b7265717565737465645f706167657c733a37333a22687474703a2f2f6c6f63616c686f73742f7765626373722e70696c6172696e74692e636f2e69642f736b70642f7065727573616861616e2f6c697374656e65725f73686f775f616c6c223b70726576696f75735f706167657c733a37333a22687474703a2f2f6c6f63616c686f73742f7765626373722e70696c6172696e74692e636f2e69642f736b70642f7065727573616861616e2f6c697374656e65725f73686f775f616c6c223b757365725f69647c733a313a2231223b617574685f637573746f6d7c733a353a2261646d696e223b757365725f746f6b656e7c733a34303a2263633434383035336535633562353937623163376561326330356263326263343233303865306636223b6964656e746974797c733a31393a2261646d696e406d79626f6e666972652e636f6d223b726f6c655f69647c733a313a2231223b6c6f676765645f696e7c623a313b6c616e67756167657c733a373a22656e676c697368223b),
('mq3rlqou5hdh69jb8609j4qnlkkqhht7', '182.253.72.66', 1542342921, 0x5f5f63695f6c6173745f726567656e65726174657c693a313534323334323932313b7265717565737465645f706167657c733a33303a22687474703a2f2f7765626373722e70696c6172696e74692e636f2e69642f223b70726576696f75735f706167657c733a33303a22687474703a2f2f7765626373722e70696c6172696e74692e636f2e69642f223b),
('mqhjk50ijhcneeerqc7sb9sihimk16vs', '::1', 1542291478, 0x5f5f63695f6c6173745f726567656e65726174657c693a313534323239313437383b7265717565737465645f706167657c733a34363a22687474703a2f2f6c6f63616c686f73742f746a736c2d63697265626f6e2f73696d70616e5f70656e67616a75616e223b70726576696f75735f706167657c733a34363a22687474703a2f2f6c6f63616c686f73742f746a736c2d63697265626f6e2f73696d70616e5f70656e67616a75616e223b),
('mqnah76ompgplk7qet7d0qg7daadsjbb', '::1', 1542301570, 0x5f5f63695f6c6173745f726567656e65726174657c693a313534323330313537303b7265717565737465645f706167657c733a34323a22687474703a2f2f6c6f63616c686f73742f746a736c2d63697265626f6e2f72656b61706974756c617369223b70726576696f75735f706167657c733a34323a22687474703a2f2f6c6f63616c686f73742f746a736c2d63697265626f6e2f72656b61706974756c617369223b),
('muu9jd2l8ltvkajb6thb5v9ltn66fa4d', '::1', 1542336062, 0x5f5f63695f6c6173745f726567656e65726174657c693a313534323333363036323b7265717565737465645f706167657c733a33303a22687474703a2f2f6c6f63616c686f73742f746a736c2d63697265626f6e2f223b70726576696f75735f706167657c733a33303a22687474703a2f2f6c6f63616c686f73742f746a736c2d63697265626f6e2f223b),
('nbvameshtje05ndoqjve4tu7qkkn05cb', '182.253.105.98', 1542597684, 0x5f5f63695f6c6173745f726567656e65726174657c693a313534323539373638343b7265717565737465645f706167657c733a33303a22687474703a2f2f7765626373722e70696c6172696e74692e636f2e69642f223b70726576696f75735f706167657c733a33303a22687474703a2f2f7765626373722e70696c6172696e74692e636f2e69642f223b),
('ndsefai7el2h08cp5ddtt6cqvpvjrskh', '::1', 1543117675, 0x5f5f63695f6c6173745f726567656e65726174657c693a313534333131373637353b7265717565737465645f706167657c733a38303a22687474703a2f2f6c6f63616c686f73742f7765626373722e70696c6172696e74692e636f2e69642f736b70642f7065726d6f686f6e616e5f746a736c2f6765745f7065726d6f686f6e616e5f746a736c223b70726576696f75735f706167657c733a38303a22687474703a2f2f6c6f63616c686f73742f7765626373722e70696c6172696e74692e636f2e69642f736b70642f7065726d6f686f6e616e5f746a736c2f6765745f7065726d6f686f6e616e5f746a736c223b757365725f69647c733a313a2231223b617574685f637573746f6d7c733a353a2261646d696e223b757365725f746f6b656e7c733a34303a2263633434383035336535633562353937623163376561326330356263326263343233303865306636223b6964656e746974797c733a31393a2261646d696e406d79626f6e666972652e636f6d223b726f6c655f69647c733a313a2231223b6c6f676765645f696e7c623a313b6c616e67756167657c733a373a22656e676c697368223b),
('nf2qtkqr2bb025cmn6v6vits4grbifsm', '::1', 1543194950, 0x5f5f63695f6c6173745f726567656e65726174657c693a313534333139343935303b7265717565737465645f706167657c733a35383a22687474703a2f2f6c6f63616c686f73742f7765626373722e70696c6172696e74692e636f2e69642f746a736c2f6765745f6b656c75726168616e223b70726576696f75735f706167657c733a35383a22687474703a2f2f6c6f63616c686f73742f7765626373722e70696c6172696e74692e636f2e69642f746a736c2f6765745f6b656c75726168616e223b),
('nh7vp3es7jvm1o9i7rjglvea4lhd494e', '::1', 1542301268, 0x5f5f63695f6c6173745f726567656e65726174657c693a313534323330313236383b7265717565737465645f706167657c733a34323a22687474703a2f2f6c6f63616c686f73742f746a736c2d63697265626f6e2f72656b61706974756c617369223b70726576696f75735f706167657c733a34323a22687474703a2f2f6c6f63616c686f73742f746a736c2d63697265626f6e2f72656b61706974756c617369223b),
('nk6otmv73of61l5jlrtmq89q1lo0b0li', '::1', 1543195271, 0x5f5f63695f6c6173745f726567656e65726174657c693a313534333139353237313b7265717565737465645f706167657c733a38303a22687474703a2f2f6c6f63616c686f73742f7765626373722e70696c6172696e74692e636f2e69642f736b70642f7065726d6f686f6e616e5f746a736c2f6765745f7065726d6f686f6e616e5f746a736c223b70726576696f75735f706167657c733a38303a22687474703a2f2f6c6f63616c686f73742f7765626373722e70696c6172696e74692e636f2e69642f736b70642f7065726d6f686f6e616e5f746a736c2f6765745f7065726d6f686f6e616e5f746a736c223b757365725f69647c733a313a2231223b617574685f637573746f6d7c733a353a2261646d696e223b757365725f746f6b656e7c733a34303a2263633434383035336535633562353937623163376561326330356263326263343233303865306636223b6964656e746974797c733a31393a2261646d696e406d79626f6e666972652e636f6d223b726f6c655f69647c733a313a2231223b6c6f676765645f696e7c623a313b6c616e67756167657c733a373a22656e676c697368223b),
('npfs3c7i3khd73911r1mmquj994mm2v7', '::1', 1542300507, 0x5f5f63695f6c6173745f726567656e65726174657c693a313534323330303530373b7265717565737465645f706167657c733a34323a22687474703a2f2f6c6f63616c686f73742f746a736c2d63697265626f6e2f72656b61706974756c617369223b70726576696f75735f706167657c733a34323a22687474703a2f2f6c6f63616c686f73742f746a736c2d63697265626f6e2f72656b61706974756c617369223b),
('nq90ffu8g7ero86fiqavbpdhis7enu5q', '182.253.72.66', 1542343019, 0x5f5f63695f6c6173745f726567656e65726174657c693a313534323334333031393b7265717565737465645f706167657c733a33343a22687474703a2f2f7765626373722e70696c6172696e74692e636f2e69642f6e657773223b70726576696f75735f706167657c733a33343a22687474703a2f2f7765626373722e70696c6172696e74692e636f2e69642f6e657773223b),
('ntve9umoaa8emuasa82jku4arle4du58', '182.253.105.98', 1542600767, 0x5f5f63695f6c6173745f726567656e65726174657c693a313534323630303736373b7265717565737465645f706167657c733a33343a22687474703a2f2f7765626373722e70696c6172696e74692e636f2e69642f736b7064223b70726576696f75735f706167657c733a33343a22687474703a2f2f7765626373722e70696c6172696e74692e636f2e69642f736b7064223b757365725f69647c733a313a2231223b617574685f637573746f6d7c733a353a2261646d696e223b757365725f746f6b656e7c733a34303a2263633434383035336535633562353937623163376561326330356263326263343233303865306636223b6964656e746974797c733a31393a2261646d696e406d79626f6e666972652e636f6d223b726f6c655f69647c733a313a2231223b6c6f676765645f696e7c623a313b6c616e67756167657c733a373a22656e676c697368223b),
('nvbd5uq99ceh3sdvqpv9q2t7f8k0kucb', '::1', 1543142753, 0x5f5f63695f6c6173745f726567656e65726174657c693a313534333134323735333b7265717565737465645f706167657c733a35393a22687474703a2f2f6c6f63616c686f73742f7765626373722e70696c6172696e74692e636f2e69642f746a736c2f6765745f7065727573616861616e223b70726576696f75735f706167657c733a35393a22687474703a2f2f6c6f63616c686f73742f7765626373722e70696c6172696e74692e636f2e69642f746a736c2f6765745f7065727573616861616e223b),
('o7kpasr6d8r66cakafp13b5htfjite71', '115.178.200.218', 1542844370, 0x5f5f63695f6c6173745f726567656e65726174657c693a313534323834343337303b7265717565737465645f706167657c733a34353a22687474703a2f2f7765626373722e70696c6172696e74692e636f2e69642f7065726d6f686f6e616e5f746a736c223b70726576696f75735f706167657c733a34353a22687474703a2f2f7765626373722e70696c6172696e74692e636f2e69642f7065726d6f686f6e616e5f746a736c223b),
('o80mn8isbrv8dek3s2rposmvqrvo3lh7', '::1', 1542340673, 0x5f5f63695f6c6173745f726567656e65726174657c693a313534323334303637333b7265717565737465645f706167657c733a33303a22687474703a2f2f6c6f63616c686f73742f746a736c2d63697265626f6e2f223b70726576696f75735f706167657c733a33303a22687474703a2f2f6c6f63616c686f73742f746a736c2d63697265626f6e2f223b),
('o894llmp1nch90djdhqj3id34aipkitd', '64.233.173.21', 1542373692, 0x5f5f63695f6c6173745f726567656e65726174657c693a313534323337333639323b7265717565737465645f706167657c733a31373a22687474703a2f2f6c6f63616c686f73742f223b70726576696f75735f706167657c733a31373a22687474703a2f2f6c6f63616c686f73742f223b),
('o8qkp4s1jot0qi8msjrn595aj41747eu', '::1', 1542327550, 0x5f5f63695f6c6173745f726567656e65726174657c693a313534323332373535303b7265717565737465645f706167657c733a33303a22687474703a2f2f6c6f63616c686f73742f746a736c2d63697265626f6e2f223b70726576696f75735f706167657c733a33303a22687474703a2f2f6c6f63616c686f73742f746a736c2d63697265626f6e2f223b),
('obfma07h8es4m28ndmhb2cn8k35k30c5', '180.253.140.75', 1542765255, 0x5f5f63695f6c6173745f726567656e65726174657c693a313534323736353235353b7265717565737465645f706167657c733a33343a22687474703a2f2f7765626373722e70696c6172696e74692e636f2e69642f736b7064223b70726576696f75735f706167657c733a33343a22687474703a2f2f7765626373722e70696c6172696e74692e636f2e69642f736b7064223b757365725f69647c733a313a2231223b617574685f637573746f6d7c733a353a2261646d696e223b757365725f746f6b656e7c733a34303a2263633434383035336535633562353937623163376561326330356263326263343233303865306636223b6964656e746974797c733a31393a2261646d696e406d79626f6e666972652e636f6d223b726f6c655f69647c733a313a2231223b6c6f676765645f696e7c623a313b6c616e67756167657c733a373a22656e676c697368223b),
('olqg6k03jfm1vnvkr7lv2co1rpj0s3hp', '140.213.9.219', 1542819045, 0x5f5f63695f6c6173745f726567656e65726174657c693a313534323831393034353b7265717565737465645f706167657c733a37343a22687474703a2f2f7765626373722e70696c6172696e74692e636f2e69642f736b70642f70726f6772616d5f7072696f72697461732f6765745f70726f6772616d5f7072696f7269746173223b70726576696f75735f706167657c733a37343a22687474703a2f2f7765626373722e70696c6172696e74692e636f2e69642f736b70642f70726f6772616d5f7072696f72697461732f6765745f70726f6772616d5f7072696f7269746173223b757365725f69647c733a313a2231223b617574685f637573746f6d7c733a353a2261646d696e223b757365725f746f6b656e7c733a34303a2263633434383035336535633562353937623163376561326330356263326263343233303865306636223b6964656e746974797c733a31393a2261646d696e406d79626f6e666972652e636f6d223b726f6c655f69647c733a313a2231223b6c6f676765645f696e7c623a313b6c616e67756167657c733a373a22656e676c697368223b),
('opp7q2hei6fh67m9191tiph9tufd911r', '::1', 1542292123, 0x5f5f63695f6c6173745f726567656e65726174657c693a313534323239323132333b7265717565737465645f706167657c733a34353a22687474703a2f2f6c6f63616c686f73742f746a736c2d63697265626f6e2f7065726d6f686f6e616e5f746a736c223b70726576696f75735f706167657c733a34353a22687474703a2f2f6c6f63616c686f73742f746a736c2d63697265626f6e2f7065726d6f686f6e616e5f746a736c223b),
('ouf9rp1ub6duimu5b9sn5tst3s2htjdv', '::1', 1542339832, 0x5f5f63695f6c6173745f726567656e65726174657c693a313534323333393833323b7265717565737465645f706167657c733a33303a22687474703a2f2f6c6f63616c686f73742f746a736c2d63697265626f6e2f223b70726576696f75735f706167657c733a33303a22687474703a2f2f6c6f63616c686f73742f746a736c2d63697265626f6e2f223b),
('p8cbpl0k9av95lkaiigad69vbual0lsi', '::1', 1543116376, 0x5f5f63695f6c6173745f726567656e65726174657c693a313534333131363337363b7265717565737465645f706167657c733a35383a22687474703a2f2f6c6f63616c686f73742f7765626373722e70696c6172696e74692e636f2e69642f746a736c2f6765745f6b656c75726168616e223b70726576696f75735f706167657c733a35383a22687474703a2f2f6c6f63616c686f73742f7765626373722e70696c6172696e74692e636f2e69642f746a736c2f6765745f6b656c75726168616e223b),
('p9nh08mlift61mvang24okf2ged12jju', '::1', 1548137202, 0x5f5f63695f6c6173745f726567656e65726174657c693a313534383133373230323b7265717565737465645f706167657c733a34313a22687474703a2f2f6c6f63616c686f73742f73696d2d63692f686f6d652f70696c69685f6d6f64756c65223b757365725f69647c733a313a2231223b617574685f637573746f6d7c733a353a2261646d696e223b757365725f746f6b656e7c733a34303a2263633434383035336535633562353937623163376561326330356263326263343233303865306636223b6964656e746974797c733a31353a2261646d696e403234732e636f2e6964223b726f6c655f69647c733a313a2231223b6c6f676765645f696e7c623a313b70726576696f75735f706167657c733a34313a22687474703a2f2f6c6f63616c686f73742f73696d2d63692f686f6d652f70696c69685f6d6f64756c65223b),
('pgrh0t2qibb5ls84su7sa1hlb1vt41g4', '::1', 1542291821, 0x5f5f63695f6c6173745f726567656e65726174657c693a313534323239313832313b7265717565737465645f706167657c733a34353a22687474703a2f2f6c6f63616c686f73742f746a736c2d63697265626f6e2f7065726d6f686f6e616e5f746a736c223b70726576696f75735f706167657c733a34353a22687474703a2f2f6c6f63616c686f73742f746a736c2d63697265626f6e2f7065726d6f686f6e616e5f746a736c223b),
('phh4of98lgk5dpi6l49rl3pn9cu9j1nu', '182.253.72.66', 1542342618, 0x5f5f63695f6c6173745f726567656e65726174657c693a313534323334323631383b7265717565737465645f706167657c733a34353a22687474703a2f2f7765626373722e70696c6172696e74692e636f2e69642f7065726d6f686f6e616e5f746a736c223b70726576696f75735f706167657c733a34353a22687474703a2f2f7765626373722e70696c6172696e74692e636f2e69642f7065726d6f686f6e616e5f746a736c223b),
('pn32v559ml4ffodqrb2hk8mqu7lifig9', '182.253.72.66', 1542342510, 0x5f5f63695f6c6173745f726567656e65726174657c693a313534323334323531303b7265717565737465645f706167657c733a34383a22687474703a2f2f7765626373722e70696c6172696e74692e636f2e69642f70616e6475616e5f6d6173796172616b6174223b70726576696f75735f706167657c733a34383a22687474703a2f2f7765626373722e70696c6172696e74692e636f2e69642f70616e6475616e5f6d6173796172616b6174223b),
('pqv8uk8ouseboiefvtlbrjicgid3hshj', '182.253.105.98', 1542600767, 0x5f5f63695f6c6173745f726567656e65726174657c693a313534323630303736373b7265717565737465645f706167657c733a33343a22687474703a2f2f7765626373722e70696c6172696e74692e636f2e69642f736b7064223b70726576696f75735f706167657c733a33343a22687474703a2f2f7765626373722e70696c6172696e74692e636f2e69642f736b7064223b757365725f69647c733a313a2231223b617574685f637573746f6d7c733a353a2261646d696e223b757365725f746f6b656e7c733a34303a2263633434383035336535633562353937623163376561326330356263326263343233303865306636223b6964656e746974797c733a31393a2261646d696e406d79626f6e666972652e636f6d223b726f6c655f69647c733a313a2231223b6c6f676765645f696e7c623a313b6c616e67756167657c733a373a22656e676c697368223b),
('pv7dmn8ki30j0p9c4toa345m5tmet3fu', '64.233.173.21', 1542373692, 0x5f5f63695f6c6173745f726567656e65726174657c693a313534323337333639323b7265717565737465645f706167657c733a33303a22687474703a2f2f7765626373722e70696c6172696e74692e636f2e69642f223b70726576696f75735f706167657c733a33303a22687474703a2f2f7765626373722e70696c6172696e74692e636f2e69642f223b),
('q7tubejcedshimj7iggb4uluql1av30b', '115.178.195.219', 1542747970, 0x5f5f63695f6c6173745f726567656e65726174657c693a313534323734373937303b7265717565737465645f706167657c733a34393a22687474703a2f2f7765626373722e70696c6172696e74692e636f2e69642f746a736c2f6765745f7065727573616861616e223b70726576696f75735f706167657c733a34393a22687474703a2f2f7765626373722e70696c6172696e74692e636f2e69642f746a736c2f6765745f7065727573616861616e223b),
('q83iiocbq2dirg4qfmisaqn2v822gpuk', '180.253.169.81', 1542417733, 0x5f5f63695f6c6173745f726567656e65726174657c693a313534323431373733323b7265717565737465645f706167657c733a33303a22687474703a2f2f7765626373722e70696c6172696e74692e636f2e69642f223b70726576696f75735f706167657c733a33303a22687474703a2f2f7765626373722e70696c6172696e74692e636f2e69642f223b),
('qadprnruqud0tqmherj4crrvj7gvhl23', '::1', 1542299420, 0x5f5f63695f6c6173745f726567656e65726174657c693a313534323239393432303b7265717565737465645f706167657c733a34323a22687474703a2f2f6c6f63616c686f73742f746a736c2d63697265626f6e2f72656b61706974756c617369223b70726576696f75735f706167657c733a34353a22687474703a2f2f6c6f63616c686f73742f746a736c2d63697265626f6e2f7065726d6f686f6e616e5f746a736c223b),
('qae4s8gg9rsvq641f752no6va7unb2u1', '115.178.195.219', 1542720693, 0x5f5f63695f6c6173745f726567656e65726174657c693a313534323732303639333b7265717565737465645f706167657c733a33303a22687474703a2f2f7765626373722e70696c6172696e74692e636f2e69642f223b70726576696f75735f706167657c733a33303a22687474703a2f2f7765626373722e70696c6172696e74692e636f2e69642f223b),
('qe0u4g96i4u8vu2gbt7dqa48nncc8e54', '::1', 1543140217, 0x5f5f63695f6c6173745f726567656e65726174657c693a313534333134303231373b7265717565737465645f706167657c733a35353a22687474703a2f2f6c6f63616c686f73742f7765626373722e70696c6172696e74692e636f2e69642f736b70642f7065727573616861616e223b6d6573736167657c733a34383a2264616e6765723a3a596f75206d757374206265206c6f6767656420696e20746f2076696577207468617420706167652e223b5f5f63695f766172737c613a313a7b733a373a226d657373616765223b733a333a226e6577223b7d),
('qe490tsh4g1k0ie2sg3rcfhd1i362ilj', '::1', 1542340257, 0x5f5f63695f6c6173745f726567656e65726174657c693a313534323334303235373b7265717565737465645f706167657c733a33303a22687474703a2f2f6c6f63616c686f73742f746a736c2d63697265626f6e2f223b70726576696f75735f706167657c733a33303a22687474703a2f2f6c6f63616c686f73742f746a736c2d63697265626f6e2f223b),
('qe4pb0ps8vicoair68e7638opj28fgkg', '115.178.195.219', 1542748304, 0x5f5f63695f6c6173745f726567656e65726174657c693a313534323734383330343b7265717565737465645f706167657c733a34393a22687474703a2f2f7765626373722e70696c6172696e74692e636f2e69642f746a736c2f6765745f7065727573616861616e223b70726576696f75735f706167657c733a34393a22687474703a2f2f7765626373722e70696c6172696e74692e636f2e69642f746a736c2f6765745f7065727573616861616e223b),
('qerbgp0o1lp9d86cn2bvdldm60ora5qg', '115.178.195.219', 1542718953, 0x5f5f63695f6c6173745f726567656e65726174657c693a313534323731383935333b7265717565737465645f706167657c733a33303a22687474703a2f2f7765626373722e70696c6172696e74692e636f2e69642f223b70726576696f75735f706167657c733a33303a22687474703a2f2f7765626373722e70696c6172696e74692e636f2e69642f223b),
('qfck5gjhh3kckfgmlsoa9uvf33oagdvg', '::1', 1548128152, 0x5f5f63695f6c6173745f726567656e65726174657c693a313534383132383135323b7265717565737465645f706167657c733a34313a22687474703a2f2f6c6f63616c686f73742f73696d2d63692f686f6d652f70696c69685f6d6f64756c65223b70726576696f75735f706167657c733a34313a22687474703a2f2f6c6f63616c686f73742f73696d2d63692f686f6d652f70696c69685f6d6f64756c65223b757365725f69647c733a313a2231223b617574685f637573746f6d7c733a353a2261646d696e223b757365725f746f6b656e7c733a34303a2263633434383035336535633562353937623163376561326330356263326263343233303865306636223b6964656e746974797c733a31353a2261646d696e403234732e636f2e6964223b726f6c655f69647c733a313a2231223b6c6f676765645f696e7c623a313b),
('qh9dleuas2eisgaa72b3b60jaassk3ap', '115.178.200.218', 1542845142, 0x5f5f63695f6c6173745f726567656e65726174657c693a313534323834353134323b7265717565737465645f706167657c733a33303a22687474703a2f2f7765626373722e70696c6172696e74692e636f2e69642f223b70726576696f75735f706167657c733a33303a22687474703a2f2f7765626373722e70696c6172696e74692e636f2e69642f223b),
('qmc1794o94fmgi9qsodig1anbggthbb4', '115.178.198.246', 1542426422, 0x5f5f63695f6c6173745f726567656e65726174657c693a313534323432363432323b7265717565737465645f706167657c733a35363a22687474703a2f2f7765626373722e70696c6172696e74692e636f2e69642f7065727573616861616e2f7065727573616861616e5f6a736f6e223b70726576696f75735f706167657c733a35363a22687474703a2f2f7765626373722e70696c6172696e74692e636f2e69642f7065727573616861616e2f7065727573616861616e5f6a736f6e223b),
('qmq6e3le9ajlf5fh428vbptgvlgea3p6', '182.253.105.98', 1542890728, 0x5f5f63695f6c6173745f726567656e65726174657c693a313534323839303732383b7265717565737465645f706167657c733a33303a22687474703a2f2f7765626373722e70696c6172696e74692e636f2e69642f223b70726576696f75735f706167657c733a33303a22687474703a2f2f7765626373722e70696c6172696e74692e636f2e69642f223b),
('qmqi3hedknec9ueieqftq9ec38h3jkkr', '182.253.105.98', 1542600986, 0x5f5f63695f6c6173745f726567656e65726174657c693a313534323630303938363b),
('qurf6td27vttlhrc1eskl9rjctb0icvm', '::1', 1548130372, 0x5f5f63695f6c6173745f726567656e65726174657c693a313534383133303337323b7265717565737465645f706167657c733a33313a22687474703a2f2f6c6f63616c686f73742f73696d2d63692f6b6f6e7472616b223b70726576696f75735f706167657c733a33313a22687474703a2f2f6c6f63616c686f73742f73696d2d63692f6b6f6e7472616b223b757365725f69647c733a313a2231223b617574685f637573746f6d7c733a353a2261646d696e223b757365725f746f6b656e7c733a34303a2263633434383035336535633562353937623163376561326330356263326263343233303865306636223b6964656e746974797c733a31353a2261646d696e403234732e636f2e6964223b726f6c655f69647c733a313a2231223b6c6f676765645f696e7c623a313b6c616e67756167657c733a373a22656e676c697368223b),
('rdg75vlukrr9b00arokc2t0tdmcp6ka7', '140.213.9.219', 1542819045, 0x5f5f63695f6c6173745f726567656e65726174657c693a313534323831393034353b7265717565737465645f706167657c733a33303a22687474703a2f2f7765626373722e70696c6172696e74692e636f2e69642f223b70726576696f75735f706167657c733a33303a22687474703a2f2f7765626373722e70696c6172696e74692e636f2e69642f223b),
('ro9suofm49rohdoah5a2qtqb2lhsqgmv', '::1', 1542340663, 0x5f5f63695f6c6173745f726567656e65726174657c693a313534323334303538313b7265717565737465645f706167657c733a33303a22687474703a2f2f6c6f63616c686f73742f746a736c2d63697265626f6e2f223b70726576696f75735f706167657c733a33303a22687474703a2f2f6c6f63616c686f73742f746a736c2d63697265626f6e2f223b),
('rpohc15h9s8gitgitjpgh4e0cq8fbih8', '::1', 1543140217, 0x5f5f63695f6c6173745f726567656e65726174657c693a313534333134303231373b),
('sd5tk69d02nhnd76uoavesuegbdbqpqr', '::1', 1542337044, 0x5f5f63695f6c6173745f726567656e65726174657c693a313534323333373034343b7265717565737465645f706167657c733a33303a22687474703a2f2f6c6f63616c686f73742f746a736c2d63697265626f6e2f223b70726576696f75735f706167657c733a33303a22687474703a2f2f6c6f63616c686f73742f746a736c2d63697265626f6e2f223b),
('sg3t81hpe03rcal5jtmu4o6916hpcrp0', '::1', 1542329021, 0x5f5f63695f6c6173745f726567656e65726174657c693a313534323332393032313b7265717565737465645f706167657c733a33303a22687474703a2f2f6c6f63616c686f73742f746a736c2d63697265626f6e2f223b70726576696f75735f706167657c733a33303a22687474703a2f2f6c6f63616c686f73742f746a736c2d63697265626f6e2f223b),
('shqje5k1195h36dmff5282ui2iptu126', '::1', 1542293668, 0x5f5f63695f6c6173745f726567656e65726174657c693a313534323239333636383b7265717565737465645f706167657c733a34363a22687474703a2f2f6c6f63616c686f73742f746a736c2d63697265626f6e2f73696d70616e5f70656e67616a75616e223b70726576696f75735f706167657c733a34383a22687474703a2f2f6c6f63616c686f73742f746a736c2d63697265626f6e2f746a736c2f6765745f6b656c75726168616e223b),
('snqaahhlorunvk2vu6ijsdnlumf91nem', '::1', 1542336370, 0x5f5f63695f6c6173745f726567656e65726174657c693a313534323333363337303b7265717565737465645f706167657c733a33303a22687474703a2f2f6c6f63616c686f73742f746a736c2d63697265626f6e2f223b70726576696f75735f706167657c733a33303a22687474703a2f2f6c6f63616c686f73742f746a736c2d63697265626f6e2f223b),
('t1sao1ikarpbjdg85mkl24l5e6eu620l', '182.253.105.98', 1542890569, 0x5f5f63695f6c6173745f726567656e65726174657c693a313534323839303536393b7265717565737465645f706167657c733a33303a22687474703a2f2f7765626373722e70696c6172696e74692e636f2e69642f223b70726576696f75735f706167657c733a33303a22687474703a2f2f7765626373722e70696c6172696e74692e636f2e69642f223b),
('t5fno6da5ir6r6ln0k608q4s1qukc75f', '::1', 1542299733, 0x5f5f63695f6c6173745f726567656e65726174657c693a313534323239393733333b7265717565737465645f706167657c733a34323a22687474703a2f2f6c6f63616c686f73742f746a736c2d63697265626f6e2f72656b61706974756c617369223b70726576696f75735f706167657c733a34323a22687474703a2f2f6c6f63616c686f73742f746a736c2d63697265626f6e2f72656b61706974756c617369223b),
('tjr4svvpd9ph9iivqotqi9pd4o93r195', '::1', 1543196143, 0x5f5f63695f6c6173745f726567656e65726174657c693a313534333139363134333b7265717565737465645f706167657c733a38303a22687474703a2f2f6c6f63616c686f73742f7765626373722e70696c6172696e74692e636f2e69642f736b70642f7065726d6f686f6e616e5f746a736c2f6765745f7065726d6f686f6e616e5f746a736c223b70726576696f75735f706167657c733a38303a22687474703a2f2f6c6f63616c686f73742f7765626373722e70696c6172696e74692e636f2e69642f736b70642f7065726d6f686f6e616e5f746a736c2f6765745f7065726d6f686f6e616e5f746a736c223b757365725f69647c733a313a2231223b617574685f637573746f6d7c733a353a2261646d696e223b757365725f746f6b656e7c733a34303a2263633434383035336535633562353937623163376561326330356263326263343233303865306636223b6964656e746974797c733a31393a2261646d696e406d79626f6e666972652e636f6d223b726f6c655f69647c733a313a2231223b6c6f676765645f696e7c623a313b6c616e67756167657c733a373a22656e676c697368223b),
('ts3i9t39qiu31a2kp9eu85fj1qtdt7k7', '36.71.233.149', 1543110500, 0x5f5f63695f6c6173745f726567656e65726174657c693a313534333131303530303b7265717565737465645f706167657c733a33383a22687474703a2f2f7765626373722e70696c6172696e74692e636f2e69642f696e666f7269616c223b70726576696f75735f706167657c733a33383a22687474703a2f2f7765626373722e70696c6172696e74692e636f2e69642f696e666f7269616c223b),
('u6ctpkkak4b2aafkjmdcu4jril34lrta', '::1', 1548126634, 0x5f5f63695f6c6173745f726567656e65726174657c693a313534383132363633343b7265717565737465645f706167657c733a34313a22687474703a2f2f6c6f63616c686f73742f73696d2d63692f686f6d652f70696c69685f6d6f64756c65223b70726576696f75735f706167657c733a34313a22687474703a2f2f6c6f63616c686f73742f73696d2d63692f686f6d652f70696c69685f6d6f64756c65223b757365725f69647c733a313a2231223b617574685f637573746f6d7c733a353a2261646d696e223b757365725f746f6b656e7c733a34303a2263633434383035336535633562353937623163376561326330356263326263343233303865306636223b6964656e746974797c733a31393a2261646d696e406d79626f6e666972652e636f6d223b726f6c655f69647c733a313a2231223b6c6f676765645f696e7c623a313b),
('u7lice88fh4v2v4ufgc85d0bkiuopb91', '::1', 1542300059, 0x5f5f63695f6c6173745f726567656e65726174657c693a313534323330303035393b7265717565737465645f706167657c733a34323a22687474703a2f2f6c6f63616c686f73742f746a736c2d63697265626f6e2f72656b61706974756c617369223b70726576696f75735f706167657c733a34323a22687474703a2f2f6c6f63616c686f73742f746a736c2d63697265626f6e2f72656b61706974756c617369223b),
('u7mhq5f7qauas5qk2va5b4iqo05sd75c', '::1', 1548133401, 0x5f5f63695f6c6173745f726567656e65726174657c693a313534383133333430313b7265717565737465645f706167657c733a34323a22687474703a2f2f6c6f63616c686f73742f73696d2d63692f6b6f6e7472616b2f7065727573616861616e223b70726576696f75735f706167657c733a36353a22687474703a2f2f6c6f63616c686f73742f73696d2d63692f6b6f6e7472616b2f746970655f7065727573616861616e2f6c697374656e65725f73686f775f616c6c223b757365725f69647c733a313a2231223b617574685f637573746f6d7c733a353a2261646d696e223b757365725f746f6b656e7c733a34303a2263633434383035336535633562353937623163376561326330356263326263343233303865306636223b6964656e746974797c733a31353a2261646d696e403234732e636f2e6964223b726f6c655f69647c733a313a2231223b6c6f676765645f696e7c623a313b6c616e67756167657c733a373a22656e676c697368223b),
('ug387qm4r8agtcsplqrbm237krh3jei2', '::1', 1542338739, 0x5f5f63695f6c6173745f726567656e65726174657c693a313534323333383733393b7265717565737465645f706167657c733a33303a22687474703a2f2f6c6f63616c686f73742f746a736c2d63697265626f6e2f223b70726576696f75735f706167657c733a33303a22687474703a2f2f6c6f63616c686f73742f746a736c2d63697265626f6e2f223b),
('ui49m083t0kqq6k6hsvkmotia0ugu3kh', '::1', 1543147572, 0x5f5f63695f6c6173745f726567656e65726174657c693a313534333134373537323b7265717565737465645f706167657c733a35353a22687474703a2f2f6c6f63616c686f73742f7765626373722e70696c6172696e74692e636f2e69642f7065726d6f686f6e616e5f746a736c223b70726576696f75735f706167657c733a35353a22687474703a2f2f6c6f63616c686f73742f7765626373722e70696c6172696e74692e636f2e69642f7065726d6f686f6e616e5f746a736c223b),
('uma90clm5arukg3skl07lg0la2t8p67e', '::1', 1548134394, 0x5f5f63695f6c6173745f726567656e65726174657c693a313534383133343339343b7265717565737465645f706167657c733a36353a22687474703a2f2f6c6f63616c686f73742f73696d2d63692f6b6f6e7472616b2f746970655f7065727573616861616e2f6c697374656e65725f73686f775f616c6c223b70726576696f75735f706167657c733a36353a22687474703a2f2f6c6f63616c686f73742f73696d2d63692f6b6f6e7472616b2f746970655f7065727573616861616e2f6c697374656e65725f73686f775f616c6c223b757365725f69647c733a313a2231223b617574685f637573746f6d7c733a353a2261646d696e223b757365725f746f6b656e7c733a34303a2263633434383035336535633562353937623163376561326330356263326263343233303865306636223b6964656e746974797c733a31353a2261646d696e403234732e636f2e6964223b726f6c655f69647c733a313a2231223b6c6f676765645f696e7c623a313b6c616e67756167657c733a373a22656e676c697368223b),
('va8dvrk1jaa2lr83pupg7da7jb5lf97o', '::1', 1543116381, 0x5f5f63695f6c6173745f726567656e65726174657c693a313534333131363337363b7265717565737465645f706167657c733a35393a22687474703a2f2f6c6f63616c686f73742f7765626373722e70696c6172696e74692e636f2e69642f746a736c2f6765745f7065727573616861616e223b70726576696f75735f706167657c733a35353a22687474703a2f2f6c6f63616c686f73742f7765626373722e70696c6172696e74692e636f2e69642f7065726d6f686f6e616e5f746a736c223b),
('vpfsdnhj6pnpulver3eq6516df8g5qid', '::1', 1542297933, 0x5f5f63695f6c6173745f726567656e65726174657c693a313534323239373933333b7265717565737465645f706167657c733a34323a22687474703a2f2f6c6f63616c686f73742f746a736c2d63697265626f6e2f72656b61706974756c617369223b70726576696f75735f706167657c733a34353a22687474703a2f2f6c6f63616c686f73742f746a736c2d63697265626f6e2f7065726d6f686f6e616e5f746a736c223b),
('vras3mpu7o7hrerbcnvunn8n3ek5mgrr', '::1', 1542292450, 0x5f5f63695f6c6173745f726567656e65726174657c693a313534323239323435303b7265717565737465645f706167657c733a34353a22687474703a2f2f6c6f63616c686f73742f746a736c2d63697265626f6e2f7065726d6f686f6e616e5f746a736c223b70726576696f75735f706167657c733a34353a22687474703a2f2f6c6f63616c686f73742f746a736c2d63697265626f6e2f7065726d6f686f6e616e5f746a736c223b);

-- --------------------------------------------------------

--
-- Table structure for table `countries`
--

CREATE TABLE `countries` (
  `iso` char(2) NOT NULL DEFAULT 'US',
  `name` varchar(80) NOT NULL,
  `printable_name` varchar(80) NOT NULL,
  `iso3` char(3) DEFAULT NULL,
  `numcode` smallint(6) DEFAULT NULL
) ENGINE=InnoDB DEFAULT CHARSET=utf8;

--
-- Dumping data for table `countries`
--

INSERT INTO `countries` (`iso`, `name`, `printable_name`, `iso3`, `numcode`) VALUES
('AD', 'ANDORRA', 'Andorra', 'AND', 20),
('AE', 'UNITED ARAB EMIRATES', 'United Arab Emirates', 'ARE', 784),
('AF', 'AFGHANISTAN', 'Afghanistan', 'AFG', 4),
('AG', 'ANTIGUA AND BARBUDA', 'Antigua and Barbuda', 'ATG', 28),
('AI', 'ANGUILLA', 'Anguilla', 'AIA', 660),
('AL', 'ALBANIA', 'Albania', 'ALB', 8),
('AM', 'ARMENIA', 'Armenia', 'ARM', 51),
('AN', 'NETHERLANDS ANTILLES', 'Netherlands Antilles', 'ANT', 530),
('AO', 'ANGOLA', 'Angola', 'AGO', 24),
('AQ', 'ANTARCTICA', 'Antarctica', NULL, NULL),
('AR', 'ARGENTINA', 'Argentina', 'ARG', 32),
('AS', 'AMERICAN SAMOA', 'American Samoa', 'ASM', 16),
('AT', 'AUSTRIA', 'Austria', 'AUT', 40),
('AU', 'AUSTRALIA', 'Australia', 'AUS', 36),
('AW', 'ARUBA', 'Aruba', 'ABW', 533),
('AZ', 'AZERBAIJAN', 'Azerbaijan', 'AZE', 31),
('BA', 'BOSNIA AND HERZEGOVINA', 'Bosnia and Herzegovina', 'BIH', 70),
('BB', 'BARBADOS', 'Barbados', 'BRB', 52),
('BD', 'BANGLADESH', 'Bangladesh', 'BGD', 50),
('BE', 'BELGIUM', 'Belgium', 'BEL', 56),
('BF', 'BURKINA FASO', 'Burkina Faso', 'BFA', 854),
('BG', 'BULGARIA', 'Bulgaria', 'BGR', 100),
('BH', 'BAHRAIN', 'Bahrain', 'BHR', 48),
('BI', 'BURUNDI', 'Burundi', 'BDI', 108),
('BJ', 'BENIN', 'Benin', 'BEN', 204),
('BM', 'BERMUDA', 'Bermuda', 'BMU', 60),
('BN', 'BRUNEI DARUSSALAM', 'Brunei Darussalam', 'BRN', 96),
('BO', 'BOLIVIA', 'Bolivia', 'BOL', 68),
('BR', 'BRAZIL', 'Brazil', 'BRA', 76),
('BS', 'BAHAMAS', 'Bahamas', 'BHS', 44),
('BT', 'BHUTAN', 'Bhutan', 'BTN', 64),
('BV', 'BOUVET ISLAND', 'Bouvet Island', NULL, NULL),
('BW', 'BOTSWANA', 'Botswana', 'BWA', 72),
('BY', 'BELARUS', 'Belarus', 'BLR', 112),
('BZ', 'BELIZE', 'Belize', 'BLZ', 84),
('CA', 'CANADA', 'Canada', 'CAN', 124),
('CC', 'COCOS (KEELING) ISLANDS', 'Cocos (Keeling) Islands', NULL, NULL),
('CD', 'CONGO, THE DEMOCRATIC REPUBLIC OF THE', 'Congo, the Democratic Republic of the', 'COD', 180),
('CF', 'CENTRAL AFRICAN REPUBLIC', 'Central African Republic', 'CAF', 140),
('CG', 'CONGO', 'Congo', 'COG', 178),
('CH', 'SWITZERLAND', 'Switzerland', 'CHE', 756),
('CI', 'COTE D\'IVOIRE', 'Cote D\'Ivoire', 'CIV', 384),
('CK', 'COOK ISLANDS', 'Cook Islands', 'COK', 184),
('CL', 'CHILE', 'Chile', 'CHL', 152),
('CM', 'CAMEROON', 'Cameroon', 'CMR', 120),
('CN', 'CHINA', 'China', 'CHN', 156),
('CO', 'COLOMBIA', 'Colombia', 'COL', 170),
('CR', 'COSTA RICA', 'Costa Rica', 'CRI', 188),
('CS', 'SERBIA AND MONTENEGRO', 'Serbia and Montenegro', NULL, NULL),
('CU', 'CUBA', 'Cuba', 'CUB', 192),
('CV', 'CAPE VERDE', 'Cape Verde', 'CPV', 132),
('CX', 'CHRISTMAS ISLAND', 'Christmas Island', NULL, NULL),
('CY', 'CYPRUS', 'Cyprus', 'CYP', 196),
('CZ', 'CZECH REPUBLIC', 'Czech Republic', 'CZE', 203),
('DE', 'GERMANY', 'Germany', 'DEU', 276),
('DJ', 'DJIBOUTI', 'Djibouti', 'DJI', 262),
('DK', 'DENMARK', 'Denmark', 'DNK', 208),
('DM', 'DOMINICA', 'Dominica', 'DMA', 212),
('DO', 'DOMINICAN REPUBLIC', 'Dominican Republic', 'DOM', 214),
('DZ', 'ALGERIA', 'Algeria', 'DZA', 12),
('EC', 'ECUADOR', 'Ecuador', 'ECU', 218),
('EE', 'ESTONIA', 'Estonia', 'EST', 233),
('EG', 'EGYPT', 'Egypt', 'EGY', 818),
('EH', 'WESTERN SAHARA', 'Western Sahara', 'ESH', 732),
('ER', 'ERITREA', 'Eritrea', 'ERI', 232),
('ES', 'SPAIN', 'Spain', 'ESP', 724),
('ET', 'ETHIOPIA', 'Ethiopia', 'ETH', 231),
('FI', 'FINLAND', 'Finland', 'FIN', 246),
('FJ', 'FIJI', 'Fiji', 'FJI', 242),
('FK', 'FALKLAND ISLANDS (MALVINAS)', 'Falkland Islands (Malvinas)', 'FLK', 238),
('FM', 'MICRONESIA, FEDERATED STATES OF', 'Micronesia, Federated States of', 'FSM', 583),
('FO', 'FAROE ISLANDS', 'Faroe Islands', 'FRO', 234),
('FR', 'FRANCE', 'France', 'FRA', 250),
('GA', 'GABON', 'Gabon', 'GAB', 266),
('GB', 'UNITED KINGDOM', 'United Kingdom', 'GBR', 826),
('GD', 'GRENADA', 'Grenada', 'GRD', 308),
('GE', 'GEORGIA', 'Georgia', 'GEO', 268),
('GF', 'FRENCH GUIANA', 'French Guiana', 'GUF', 254),
('GH', 'GHANA', 'Ghana', 'GHA', 288),
('GI', 'GIBRALTAR', 'Gibraltar', 'GIB', 292),
('GL', 'GREENLAND', 'Greenland', 'GRL', 304),
('GM', 'GAMBIA', 'Gambia', 'GMB', 270),
('GN', 'GUINEA', 'Guinea', 'GIN', 324),
('GP', 'GUADELOUPE', 'Guadeloupe', 'GLP', 312),
('GQ', 'EQUATORIAL GUINEA', 'Equatorial Guinea', 'GNQ', 226),
('GR', 'GREECE', 'Greece', 'GRC', 300),
('GS', 'SOUTH GEORGIA AND THE SOUTH SANDWICH ISLANDS', 'South Georgia and the South Sandwich Islands', NULL, NULL),
('GT', 'GUATEMALA', 'Guatemala', 'GTM', 320),
('GU', 'GUAM', 'Guam', 'GUM', 316),
('GW', 'GUINEA-BISSAU', 'Guinea-Bissau', 'GNB', 624),
('GY', 'GUYANA', 'Guyana', 'GUY', 328),
('HK', 'HONG KONG', 'Hong Kong', 'HKG', 344),
('HM', 'HEARD ISLAND AND MCDONALD ISLANDS', 'Heard Island and Mcdonald Islands', NULL, NULL),
('HN', 'HONDURAS', 'Honduras', 'HND', 340),
('HR', 'CROATIA', 'Croatia', 'HRV', 191),
('HT', 'HAITI', 'Haiti', 'HTI', 332),
('HU', 'HUNGARY', 'Hungary', 'HUN', 348),
('ID', 'INDONESIA', 'Indonesia', 'IDN', 360),
('IE', 'IRELAND', 'Ireland', 'IRL', 372),
('IL', 'ISRAEL', 'Israel', 'ISR', 376),
('IN', 'INDIA', 'India', 'IND', 356),
('IO', 'BRITISH INDIAN OCEAN TERRITORY', 'British Indian Ocean Territory', NULL, NULL),
('IQ', 'IRAQ', 'Iraq', 'IRQ', 368),
('IR', 'IRAN, ISLAMIC REPUBLIC OF', 'Iran, Islamic Republic of', 'IRN', 364),
('IS', 'ICELAND', 'Iceland', 'ISL', 352),
('IT', 'ITALY', 'Italy', 'ITA', 380),
('JM', 'JAMAICA', 'Jamaica', 'JAM', 388),
('JO', 'JORDAN', 'Jordan', 'JOR', 400),
('JP', 'JAPAN', 'Japan', 'JPN', 392),
('KE', 'KENYA', 'Kenya', 'KEN', 404),
('KG', 'KYRGYZSTAN', 'Kyrgyzstan', 'KGZ', 417),
('KH', 'CAMBODIA', 'Cambodia', 'KHM', 116),
('KI', 'KIRIBATI', 'Kiribati', 'KIR', 296),
('KM', 'COMOROS', 'Comoros', 'COM', 174),
('KN', 'SAINT KITTS AND NEVIS', 'Saint Kitts and Nevis', 'KNA', 659),
('KP', 'KOREA, DEMOCRATIC PEOPLE\'S REPUBLIC OF', 'Korea, Democratic People\'s Republic of', 'PRK', 408),
('KR', 'KOREA, REPUBLIC OF', 'Korea, Republic of', 'KOR', 410),
('KW', 'KUWAIT', 'Kuwait', 'KWT', 414),
('KY', 'CAYMAN ISLANDS', 'Cayman Islands', 'CYM', 136),
('KZ', 'KAZAKHSTAN', 'Kazakhstan', 'KAZ', 398),
('LA', 'LAO PEOPLE\'S DEMOCRATIC REPUBLIC', 'Lao People\'s Democratic Republic', 'LAO', 418),
('LB', 'LEBANON', 'Lebanon', 'LBN', 422),
('LC', 'SAINT LUCIA', 'Saint Lucia', 'LCA', 662),
('LI', 'LIECHTENSTEIN', 'Liechtenstein', 'LIE', 438),
('LK', 'SRI LANKA', 'Sri Lanka', 'LKA', 144),
('LR', 'LIBERIA', 'Liberia', 'LBR', 430),
('LS', 'LESOTHO', 'Lesotho', 'LSO', 426),
('LT', 'LITHUANIA', 'Lithuania', 'LTU', 440),
('LU', 'LUXEMBOURG', 'Luxembourg', 'LUX', 442),
('LV', 'LATVIA', 'Latvia', 'LVA', 428),
('LY', 'LIBYAN ARAB JAMAHIRIYA', 'Libyan Arab Jamahiriya', 'LBY', 434),
('MA', 'MOROCCO', 'Morocco', 'MAR', 504),
('MC', 'MONACO', 'Monaco', 'MCO', 492),
('MD', 'MOLDOVA, REPUBLIC OF', 'Moldova, Republic of', 'MDA', 498),
('MG', 'MADAGASCAR', 'Madagascar', 'MDG', 450),
('MH', 'MARSHALL ISLANDS', 'Marshall Islands', 'MHL', 584),
('MK', 'MACEDONIA, THE FORMER YUGOSLAV REPUBLIC OF', 'Macedonia, the Former Yugoslav Republic of', 'MKD', 807),
('ML', 'MALI', 'Mali', 'MLI', 466),
('MM', 'MYANMAR', 'Myanmar', 'MMR', 104),
('MN', 'MONGOLIA', 'Mongolia', 'MNG', 496),
('MO', 'MACAO', 'Macao', 'MAC', 446),
('MP', 'NORTHERN MARIANA ISLANDS', 'Northern Mariana Islands', 'MNP', 580),
('MQ', 'MARTINIQUE', 'Martinique', 'MTQ', 474),
('MR', 'MAURITANIA', 'Mauritania', 'MRT', 478),
('MS', 'MONTSERRAT', 'Montserrat', 'MSR', 500),
('MT', 'MALTA', 'Malta', 'MLT', 470),
('MU', 'MAURITIUS', 'Mauritius', 'MUS', 480),
('MV', 'MALDIVES', 'Maldives', 'MDV', 462),
('MW', 'MALAWI', 'Malawi', 'MWI', 454),
('MX', 'MEXICO', 'Mexico', 'MEX', 484),
('MY', 'MALAYSIA', 'Malaysia', 'MYS', 458),
('MZ', 'MOZAMBIQUE', 'Mozambique', 'MOZ', 508),
('NA', 'NAMIBIA', 'Namibia', 'NAM', 516),
('NC', 'NEW CALEDONIA', 'New Caledonia', 'NCL', 540),
('NE', 'NIGER', 'Niger', 'NER', 562),
('NF', 'NORFOLK ISLAND', 'Norfolk Island', 'NFK', 574),
('NG', 'NIGERIA', 'Nigeria', 'NGA', 566),
('NI', 'NICARAGUA', 'Nicaragua', 'NIC', 558),
('NL', 'NETHERLANDS', 'Netherlands', 'NLD', 528),
('NO', 'NORWAY', 'Norway', 'NOR', 578),
('NP', 'NEPAL', 'Nepal', 'NPL', 524),
('NR', 'NAURU', 'Nauru', 'NRU', 520),
('NU', 'NIUE', 'Niue', 'NIU', 570),
('NZ', 'NEW ZEALAND', 'New Zealand', 'NZL', 554),
('OM', 'OMAN', 'Oman', 'OMN', 512),
('PA', 'PANAMA', 'Panama', 'PAN', 591),
('PE', 'PERU', 'Peru', 'PER', 604),
('PF', 'FRENCH POLYNESIA', 'French Polynesia', 'PYF', 258),
('PG', 'PAPUA NEW GUINEA', 'Papua New Guinea', 'PNG', 598),
('PH', 'PHILIPPINES', 'Philippines', 'PHL', 608),
('PK', 'PAKISTAN', 'Pakistan', 'PAK', 586),
('PL', 'POLAND', 'Poland', 'POL', 616),
('PM', 'SAINT PIERRE AND MIQUELON', 'Saint Pierre and Miquelon', 'SPM', 666),
('PN', 'PITCAIRN', 'Pitcairn', 'PCN', 612),
('PR', 'PUERTO RICO', 'Puerto Rico', 'PRI', 630),
('PS', 'PALESTINIAN TERRITORY, OCCUPIED', 'Palestinian Territory, Occupied', NULL, NULL),
('PT', 'PORTUGAL', 'Portugal', 'PRT', 620),
('PW', 'PALAU', 'Palau', 'PLW', 585),
('PY', 'PARAGUAY', 'Paraguay', 'PRY', 600),
('QA', 'QATAR', 'Qatar', 'QAT', 634),
('RE', 'REUNION', 'Reunion', 'REU', 638),
('RO', 'ROMANIA', 'Romania', 'ROM', 642),
('RU', 'RUSSIAN FEDERATION', 'Russian Federation', 'RUS', 643),
('RW', 'RWANDA', 'Rwanda', 'RWA', 646),
('SA', 'SAUDI ARABIA', 'Saudi Arabia', 'SAU', 682),
('SB', 'SOLOMON ISLANDS', 'Solomon Islands', 'SLB', 90),
('SC', 'SEYCHELLES', 'Seychelles', 'SYC', 690),
('SD', 'SUDAN', 'Sudan', 'SDN', 736),
('SE', 'SWEDEN', 'Sweden', 'SWE', 752),
('SG', 'SINGAPORE', 'Singapore', 'SGP', 702),
('SH', 'SAINT HELENA', 'Saint Helena', 'SHN', 654),
('SI', 'SLOVENIA', 'Slovenia', 'SVN', 705),
('SJ', 'SVALBARD AND JAN MAYEN', 'Svalbard and Jan Mayen', 'SJM', 744),
('SK', 'SLOVAKIA', 'Slovakia', 'SVK', 703),
('SL', 'SIERRA LEONE', 'Sierra Leone', 'SLE', 694),
('SM', 'SAN MARINO', 'San Marino', 'SMR', 674),
('SN', 'SENEGAL', 'Senegal', 'SEN', 686),
('SO', 'SOMALIA', 'Somalia', 'SOM', 706),
('SR', 'SURINAME', 'Suriname', 'SUR', 740),
('ST', 'SAO TOME AND PRINCIPE', 'Sao Tome and Principe', 'STP', 678),
('SV', 'EL SALVADOR', 'El Salvador', 'SLV', 222),
('SY', 'SYRIAN ARAB REPUBLIC', 'Syrian Arab Republic', 'SYR', 760),
('SZ', 'SWAZILAND', 'Swaziland', 'SWZ', 748),
('TC', 'TURKS AND CAICOS ISLANDS', 'Turks and Caicos Islands', 'TCA', 796),
('TD', 'CHAD', 'Chad', 'TCD', 148),
('TF', 'FRENCH SOUTHERN TERRITORIES', 'French Southern Territories', NULL, NULL),
('TG', 'TOGO', 'Togo', 'TGO', 768),
('TH', 'THAILAND', 'Thailand', 'THA', 764),
('TJ', 'TAJIKISTAN', 'Tajikistan', 'TJK', 762),
('TK', 'TOKELAU', 'Tokelau', 'TKL', 772),
('TL', 'TIMOR-LESTE', 'Timor-Leste', NULL, NULL),
('TM', 'TURKMENISTAN', 'Turkmenistan', 'TKM', 795),
('TN', 'TUNISIA', 'Tunisia', 'TUN', 788),
('TO', 'TONGA', 'Tonga', 'TON', 776),
('TR', 'TURKEY', 'Turkey', 'TUR', 792),
('TT', 'TRINIDAD AND TOBAGO', 'Trinidad and Tobago', 'TTO', 780),
('TV', 'TUVALU', 'Tuvalu', 'TUV', 798),
('TW', 'TAIWAN, PROVINCE OF CHINA', 'Taiwan, Province of China', 'TWN', 158),
('TZ', 'TANZANIA, UNITED REPUBLIC OF', 'Tanzania, United Republic of', 'TZA', 834),
('UA', 'UKRAINE', 'Ukraine', 'UKR', 804),
('UG', 'UGANDA', 'Uganda', 'UGA', 800),
('UM', 'UNITED STATES MINOR OUTLYING ISLANDS', 'United States Minor Outlying Islands', NULL, NULL),
('US', 'UNITED STATES', 'United States', 'USA', 840),
('UY', 'URUGUAY', 'Uruguay', 'URY', 858),
('UZ', 'UZBEKISTAN', 'Uzbekistan', 'UZB', 860),
('VA', 'HOLY SEE (VATICAN CITY STATE)', 'Holy See (Vatican City State)', 'VAT', 336),
('VC', 'SAINT VINCENT AND THE GRENADINES', 'Saint Vincent and the Grenadines', 'VCT', 670),
('VE', 'VENEZUELA', 'Venezuela', 'VEN', 862),
('VG', 'VIRGIN ISLANDS, BRITISH', 'Virgin Islands, British', 'VGB', 92),
('VI', 'VIRGIN ISLANDS, U.S.', 'Virgin Islands, U.s.', 'VIR', 850),
('VN', 'VIET NAM', 'Viet Nam', 'VNM', 704),
('VU', 'VANUATU', 'Vanuatu', 'VUT', 548),
('WF', 'WALLIS AND FUTUNA', 'Wallis and Futuna', 'WLF', 876),
('WS', 'SAMOA', 'Samoa', 'WSM', 882),
('YE', 'YEMEN', 'Yemen', 'YEM', 887),
('YT', 'MAYOTTE', 'Mayotte', NULL, NULL),
('ZA', 'SOUTH AFRICA', 'South Africa', 'ZAF', 710),
('ZM', 'ZAMBIA', 'Zambia', 'ZMB', 894),
('ZW', 'ZIMBABWE', 'Zimbabwe', 'ZWE', 716);

-- --------------------------------------------------------

--
-- Table structure for table `email_queue`
--

CREATE TABLE `email_queue` (
  `id` int(11) NOT NULL,
  `to_email` varchar(254) NOT NULL,
  `subject` varchar(255) NOT NULL,
  `message` text NOT NULL,
  `alt_message` text,
  `max_attempts` int(11) NOT NULL DEFAULT '3',
  `attempts` int(11) NOT NULL DEFAULT '0',
  `success` tinyint(1) NOT NULL DEFAULT '0',
  `date_published` datetime DEFAULT NULL,
  `last_attempt` datetime DEFAULT NULL,
  `date_sent` datetime DEFAULT NULL,
  `csv_attachment` text
) ENGINE=InnoDB DEFAULT CHARSET=utf8;

-- --------------------------------------------------------

--
-- Table structure for table `login_attempts`
--

CREATE TABLE `login_attempts` (
  `id` bigint(20) NOT NULL,
  `ip_address` varchar(45) NOT NULL,
  `login` varchar(255) NOT NULL,
  `time` timestamp NOT NULL DEFAULT CURRENT_TIMESTAMP
) ENGINE=InnoDB DEFAULT CHARSET=utf8;

-- --------------------------------------------------------

--
-- Table structure for table `permissions`
--

CREATE TABLE `permissions` (
  `permission_id` int(11) NOT NULL,
  `name` varchar(255) NOT NULL,
  `description` varchar(100) NOT NULL,
  `status` enum('active','inactive','deleted') NOT NULL DEFAULT 'active'
) ENGINE=InnoDB DEFAULT CHARSET=utf8;

--
-- Dumping data for table `permissions`
--

INSERT INTO `permissions` (`permission_id`, `name`, `description`, `status`) VALUES
(2, 'Site.Content.View', 'Allow users to view the Content Context', 'active'),
(3, 'Site.Reports.View', 'Allow users to view the Reports Context', 'active'),
(4, 'Site.Settings.View', 'Allow users to view the Settings Context', 'active'),
(5, 'Site.Developer.View', 'Allow users to view the Developer Context', 'active'),
(6, 'Bonfire.Roles.Manage', 'Allow users to manage the user Roles', 'active'),
(7, 'Bonfire.Users.Manage', 'Allow users to manage the site Users', 'active'),
(8, 'Bonfire.Users.View', 'Allow users access to the User Settings', 'active'),
(9, 'Bonfire.Users.Add', 'Allow users to add new Users', 'active'),
(10, 'Bonfire.Database.Manage', 'Allow users to manage the Database settings', 'active'),
(11, 'Bonfire.Emailer.Manage', 'Allow users to manage the Emailer settings', 'active'),
(12, 'Bonfire.Logs.View', 'Allow users access to the Log details', 'active'),
(13, 'Bonfire.Logs.Manage', 'Allow users to manage the Log files', 'active'),
(14, 'Bonfire.Emailer.View', 'Allow users access to the Emailer settings', 'active'),
(15, 'Site.Signin.Offline', 'Allow users to login to the site when the site is offline', 'active'),
(16, 'Bonfire.Permissions.View', 'Allow access to view the Permissions menu unders Settings Context', 'active'),
(17, 'Bonfire.Permissions.Manage', 'Allow access to manage the Permissions in the system', 'active'),
(18, 'Bonfire.Modules.Add', 'Allow creation of modules with the builder.', 'active'),
(19, 'Bonfire.Modules.Delete', 'Allow deletion of modules.', 'active'),
(20, 'Permissions.Administrator.Manage', 'To manage the access control permissions for the Administrator role.', 'active'),
(21, 'Permissions.Editor.Manage', 'To manage the access control permissions for the Editor role.', 'active'),
(23, 'Permissions.User.Manage', 'To manage the access control permissions for the User role.', 'active'),
(24, 'Permissions.Developer.Manage', 'To manage the access control permissions for the Developer role.', 'active'),
(26, 'Activities.Own.View', 'To view the users own activity logs', 'active'),
(27, 'Activities.Own.Delete', 'To delete the users own activity logs', 'active'),
(28, 'Activities.User.View', 'To view the user activity logs', 'active'),
(29, 'Activities.User.Delete', 'To delete the user activity logs, except own', 'active'),
(30, 'Activities.Module.View', 'To view the module activity logs', 'active'),
(31, 'Activities.Module.Delete', 'To delete the module activity logs', 'active'),
(32, 'Activities.Date.View', 'To view the users own activity logs', 'active'),
(33, 'Activities.Date.Delete', 'To delete the dated activity logs', 'active'),
(34, 'Bonfire.UI.Manage', 'Manage the Bonfire UI settings', 'active'),
(35, 'Bonfire.Settings.View', 'To view the site settings page.', 'active'),
(36, 'Bonfire.Settings.Manage', 'To manage the site settings.', 'active'),
(37, 'Bonfire.Activities.View', 'To view the Activities menu.', 'active'),
(38, 'Bonfire.Database.View', 'To view the Database menu.', 'active'),
(39, 'Bonfire.Migrations.View', 'To view the Migrations menu.', 'active'),
(40, 'Bonfire.Builder.View', 'To view the Modulebuilder menu.', 'active'),
(41, 'Bonfire.Roles.View', 'To view the Roles menu.', 'active'),
(42, 'Bonfire.Sysinfo.View', 'To view the System Information page.', 'active'),
(43, 'Bonfire.Translate.Manage', 'To manage the Language Translation.', 'active'),
(44, 'Bonfire.Translate.View', 'To view the Language Translate menu.', 'active'),
(45, 'Bonfire.UI.View', 'To view the UI/Keyboard Shortcut menu.', 'active'),
(48, 'Bonfire.Profiler.View', 'To view the Console Profiler Bar.', 'active'),
(49, 'Bonfire.Roles.Add', 'To add New Roles', 'active');

-- --------------------------------------------------------

--
-- Table structure for table `perusahaan`
--

CREATE TABLE `perusahaan` (
  `perusahaan_id` int(11) NOT NULL,
  `nama_perusahaan` varchar(255) DEFAULT NULL,
  `tipe_perusahaan_id` int(11) NOT NULL,
  `ket` text NOT NULL,
  `alamat` text NOT NULL,
  `deleted` tinyint(1) NOT NULL DEFAULT '0',
  `created_by` int(11) NOT NULL,
  `created_on` datetime DEFAULT NULL,
  `modified_by` int(11) DEFAULT NULL,
  `modified_on` datetime DEFAULT NULL
) ENGINE=InnoDB DEFAULT CHARSET=latin1;

--
-- Dumping data for table `perusahaan`
--

INSERT INTO `perusahaan` (`perusahaan_id`, `nama_perusahaan`, `tipe_perusahaan_id`, `ket`, `alamat`, `deleted`, `created_by`, `created_on`, `modified_by`, `modified_on`) VALUES
(1, 'PT. BANK CENTRAL ASIA', 1, '-', 'Ds. Waruroyom', 0, 1, '2018-11-15 09:50:37', NULL, NULL),
(2, 'asda', 1, 'asd', 'sad', 1, 1, '2018-11-25 10:15:35', NULL, NULL),
(3, 'asdasd3423523', 1, '-', 'sadadad', 1, 1, '2018-11-25 10:25:51', NULL, '2018-11-25 10:25:51'),
(4, 'tes doang jeh', 1, '-', 'cacac', 1, 1, '2019-01-22 12:05:16', NULL, '2019-01-22 12:05:16');

-- --------------------------------------------------------

--
-- Table structure for table `roles`
--

CREATE TABLE `roles` (
  `role_id` int(11) NOT NULL,
  `role_name` varchar(60) NOT NULL,
  `description` varchar(255) DEFAULT NULL,
  `default` tinyint(1) NOT NULL DEFAULT '0',
  `can_delete` tinyint(1) NOT NULL DEFAULT '1',
  `login_destination` varchar(255) NOT NULL DEFAULT '/',
  `default_context` varchar(255) DEFAULT 'content',
  `deleted` int(1) NOT NULL DEFAULT '0'
) ENGINE=InnoDB DEFAULT CHARSET=utf8;

--
-- Dumping data for table `roles`
--

INSERT INTO `roles` (`role_id`, `role_name`, `description`, `default`, `can_delete`, `login_destination`, `default_context`, `deleted`) VALUES
(1, 'Administrator', 'Has full control over every aspect of the site.', 0, 0, '/home/pilih_module/', 'content', 0);

-- --------------------------------------------------------

--
-- Table structure for table `role_permissions`
--

CREATE TABLE `role_permissions` (
  `role_id` int(11) NOT NULL,
  `permission_id` int(11) NOT NULL
) ENGINE=InnoDB DEFAULT CHARSET=utf8;

--
-- Dumping data for table `role_permissions`
--

INSERT INTO `role_permissions` (`role_id`, `permission_id`) VALUES
(1, 2),
(1, 3),
(1, 4),
(1, 5),
(1, 6),
(1, 7),
(1, 8),
(1, 9),
(1, 10),
(1, 11),
(1, 12),
(1, 13),
(1, 14),
(1, 15),
(1, 16),
(1, 17),
(1, 18),
(1, 19),
(1, 20),
(1, 21),
(1, 23),
(1, 24),
(1, 26),
(1, 27),
(1, 28),
(1, 29),
(1, 30),
(1, 31),
(1, 32),
(1, 33),
(1, 34),
(1, 35),
(1, 36),
(1, 37),
(1, 38),
(1, 39),
(1, 40),
(1, 41),
(1, 42),
(1, 43),
(1, 44),
(1, 45),
(1, 48),
(1, 49),
(2, 2),
(2, 3),
(6, 2),
(6, 3),
(6, 4),
(6, 5),
(6, 6),
(6, 7),
(6, 8),
(6, 9),
(6, 10),
(6, 11),
(6, 12),
(6, 13),
(6, 48);

-- --------------------------------------------------------

--
-- Table structure for table `schema_version`
--

CREATE TABLE `schema_version` (
  `type` varchar(40) NOT NULL,
  `version` int(4) NOT NULL DEFAULT '0'
) ENGINE=InnoDB DEFAULT CHARSET=utf8;

--
-- Dumping data for table `schema_version`
--

INSERT INTO `schema_version` (`type`, `version`) VALUES
('core', 43);

-- --------------------------------------------------------

--
-- Table structure for table `sessions`
--

CREATE TABLE `sessions` (
  `session_id` varchar(40) NOT NULL DEFAULT '0',
  `ip_address` varchar(45) NOT NULL DEFAULT '0',
  `user_agent` varchar(120) NOT NULL,
  `last_activity` int(10) UNSIGNED NOT NULL DEFAULT '0',
  `user_data` text NOT NULL
) ENGINE=InnoDB DEFAULT CHARSET=utf8;

-- --------------------------------------------------------

--
-- Table structure for table `settings`
--

CREATE TABLE `settings` (
  `name` varchar(30) NOT NULL,
  `module` varchar(255) NOT NULL,
  `value` varchar(255) NOT NULL
) ENGINE=InnoDB DEFAULT CHARSET=utf8;

--
-- Dumping data for table `settings`
--

INSERT INTO `settings` (`name`, `module`, `value`) VALUES
('auth.allow_name_change', 'core', '1'),
('auth.allow_register', 'core', '1'),
('auth.allow_remember', 'core', '1'),
('auth.do_login_redirect', 'core', '1'),
('auth.login_type', 'core', 'email'),
('auth.name_change_frequency', 'core', '1'),
('auth.name_change_limit', 'core', '1'),
('auth.password_force_mixed_case', 'core', '0'),
('auth.password_force_numbers', 'core', '0'),
('auth.password_force_symbols', 'core', '0'),
('auth.password_min_length', 'core', '8'),
('auth.password_show_labels', 'core', '0'),
('auth.remember_length', 'core', '1209600'),
('auth.user_activation_method', 'core', '0'),
('auth.use_extended_profile', 'core', '0'),
('auth.use_usernames', 'core', '1'),
('form_save', 'core.ui', 'ctrl+s/+s'),
('goto_content', 'core.ui', 'alt+c'),
('mailpath', 'email', '/usr/sbin/sendmail'),
('mailtype', 'email', 'text'),
('password_iterations', 'users', '8'),
('protocol', 'email', 'mail'),
('sender_email', 'email', ''),
('site.languages', 'core', 'a:3:{i:0;s:7:\"english\";i:1;s:10:\"portuguese\";i:2;s:7:\"persian\";}'),
('site.list_limit', 'core', '25'),
('site.show_front_profiler', 'core', '1'),
('site.show_profiler', 'core', '1'),
('site.status', 'core', '1'),
('site.system_email', 'core', 'admin@mybonfire.com'),
('site.title', 'core', 'My Bonfire'),
('smtp_host', 'email', ''),
('smtp_pass', 'email', ''),
('smtp_port', 'email', ''),
('smtp_timeout', 'email', ''),
('smtp_user', 'email', ''),
('updates.bleeding_edge', 'core', '1'),
('updates.do_check', 'core', '1');

-- --------------------------------------------------------

--
-- Table structure for table `states`
--

CREATE TABLE `states` (
  `id` int(11) NOT NULL,
  `name` char(40) NOT NULL,
  `abbrev` char(2) NOT NULL
) ENGINE=InnoDB DEFAULT CHARSET=utf8;

--
-- Dumping data for table `states`
--

INSERT INTO `states` (`id`, `name`, `abbrev`) VALUES
(1, 'Alaska', 'AK'),
(2, 'Alabama', 'AL'),
(3, 'American Samoa', 'AS'),
(4, 'Arizona', 'AZ'),
(5, 'Arkansas', 'AR'),
(6, 'California', 'CA'),
(7, 'Colorado', 'CO'),
(8, 'Connecticut', 'CT'),
(9, 'Delaware', 'DE'),
(10, 'District of Columbia', 'DC'),
(11, 'Florida', 'FL'),
(12, 'Georgia', 'GA'),
(13, 'Guam', 'GU'),
(14, 'Hawaii', 'HI'),
(15, 'Idaho', 'ID'),
(16, 'Illinois', 'IL'),
(17, 'Indiana', 'IN'),
(18, 'Iowa', 'IA'),
(19, 'Kansas', 'KS'),
(20, 'Kentucky', 'KY'),
(21, 'Louisiana', 'LA'),
(22, 'Maine', 'ME'),
(23, 'Marshall Islands', 'MH'),
(24, 'Maryland', 'MD'),
(25, 'Massachusetts', 'MA'),
(26, 'Michigan', 'MI'),
(27, 'Minnesota', 'MN'),
(28, 'Mississippi', 'MS'),
(29, 'Missouri', 'MO'),
(30, 'Montana', 'MT'),
(31, 'Nebraska', 'NE'),
(32, 'Nevada', 'NV'),
(33, 'New Hampshire', 'NH'),
(34, 'New Jersey', 'NJ'),
(35, 'New Mexico', 'NM'),
(36, 'New York', 'NY'),
(37, 'North Carolina', 'NC'),
(38, 'North Dakota', 'ND'),
(39, 'Northern Mariana Islands', 'MP'),
(40, 'Ohio', 'OH'),
(41, 'Oklahoma', 'OK'),
(42, 'Oregon', 'OR'),
(43, 'Palau', 'PW'),
(44, 'Pennsylvania', 'PA'),
(45, 'Puerto Rico', 'PR'),
(46, 'Rhode Island', 'RI'),
(47, 'South Carolina', 'SC'),
(48, 'South Dakota', 'SD'),
(49, 'Tennessee', 'TN'),
(50, 'Texas', 'TX'),
(51, 'Utah', 'UT'),
(52, 'Vermont', 'VT'),
(53, 'Virgin Islands', 'VI'),
(54, 'Virginia', 'VA'),
(55, 'Washington', 'WA'),
(56, 'West Virginia', 'WV'),
(57, 'Wisconsin', 'WI'),
(58, 'Wyoming', 'WY'),
(59, 'Armed Forces Africa', 'AE'),
(60, 'Armed Forces Canada', 'AE'),
(61, 'Armed Forces Europe', 'AE'),
(62, 'Armed Forces Middle East', 'AE'),
(63, 'Armed Forces Pacific', 'AP');

-- --------------------------------------------------------

--
-- Table structure for table `tipe_perusahaan`
--

CREATE TABLE `tipe_perusahaan` (
  `tipe_perusahaan_id` int(11) NOT NULL,
  `nama_tipe_perusahaan` varchar(255) NOT NULL,
  `ket` text NOT NULL,
  `deleted` tinyint(1) NOT NULL DEFAULT '0',
  `created_by` int(11) NOT NULL,
  `created_on` datetime DEFAULT NULL,
  `modified_by` int(11) DEFAULT NULL,
  `modified_on` datetime DEFAULT NULL
) ENGINE=InnoDB DEFAULT CHARSET=latin1;

--
-- Dumping data for table `tipe_perusahaan`
--

INSERT INTO `tipe_perusahaan` (`tipe_perusahaan_id`, `nama_tipe_perusahaan`, `ket`, `deleted`, `created_by`, `created_on`, `modified_by`, `modified_on`) VALUES
(1, 'BANK', '-', 0, 1, '2018-10-30 19:48:59', NULL, NULL),
(2, 'BUMN/BUMD', '-', 0, 1, '2018-10-30 19:48:59', NULL, NULL),
(3, 'HOTEL', '-', 0, 1, '2018-10-30 19:48:59', NULL, NULL),
(4, 'RESTORAN', '-', 0, 1, '2018-10-30 19:48:59', NULL, NULL),
(5, 'KONSTRUKSI/KONTRAKTOR', '-', 0, 1, '2018-10-30 19:48:59', NULL, NULL),
(6, 'PERDAGANGAN UMUM', '-', 0, 1, '2018-10-30 19:48:59', NULL, NULL),
(7, 'TRANSPORTASI', '-', 0, 1, '2018-10-30 19:48:59', NULL, NULL),
(8, 'JASA LAINNYA', '-', 0, 1, '2018-10-30 19:48:59', NULL, NULL),
(9, 'sdsdfs', 'sa', 1, 1, '2018-11-25 09:40:52', NULL, '2018-11-25 09:40:52'),
(10, 'tes doang', 'eta pisan', 1, 1, '2019-01-22 11:53:17', NULL, '2019-01-22 11:53:17'),
(11, 'tes doang', 'kkk', 1, 1, '2019-01-22 12:15:10', NULL, NULL);

-- --------------------------------------------------------

--
-- Table structure for table `users`
--

CREATE TABLE `users` (
  `id` bigint(20) UNSIGNED NOT NULL,
  `role_id` int(11) NOT NULL DEFAULT '4',
  `email` varchar(254) NOT NULL,
  `username` varchar(30) NOT NULL DEFAULT '',
  `password_hash` char(60) DEFAULT NULL,
  `reset_hash` varchar(40) DEFAULT NULL,
  `last_login` datetime NOT NULL DEFAULT '0000-00-00 00:00:00',
  `last_ip` varchar(45) NOT NULL DEFAULT '',
  `created_on` datetime NOT NULL DEFAULT '0000-00-00 00:00:00',
  `deleted` tinyint(1) NOT NULL DEFAULT '0',
  `reset_by` int(10) DEFAULT NULL,
  `banned` tinyint(1) NOT NULL DEFAULT '0',
  `ban_message` varchar(255) DEFAULT NULL,
  `display_name` varchar(255) DEFAULT '',
  `display_name_changed` date DEFAULT NULL,
  `timezone` varchar(40) NOT NULL DEFAULT 'UM6',
  `language` varchar(20) NOT NULL DEFAULT 'english',
  `active` tinyint(1) NOT NULL DEFAULT '0',
  `activate_hash` varchar(40) NOT NULL DEFAULT '',
  `force_password_reset` tinyint(1) DEFAULT '0'
) ENGINE=InnoDB DEFAULT CHARSET=utf8;

--
-- Dumping data for table `users`
--

INSERT INTO `users` (`id`, `role_id`, `email`, `username`, `password_hash`, `reset_hash`, `last_login`, `last_ip`, `created_on`, `deleted`, `reset_by`, `banned`, `ban_message`, `display_name`, `display_name_changed`, `timezone`, `language`, `active`, `activate_hash`, `force_password_reset`) VALUES
(1, 1, 'admin@24s.co.id', 'admin', '$2a$08$9U5oPjRUfQh4z6c.GFpi1OAMrTRVntF8UQV9kNYiGg4E2llDZD3/6', NULL, '2019-01-22 06:59:18', '::1', '2018-10-30 13:28:06', 0, NULL, 0, NULL, 'admin', NULL, 'UM6', 'english', 1, '', 0);

-- --------------------------------------------------------

--
-- Table structure for table `user_cookies`
--

CREATE TABLE `user_cookies` (
  `user_id` bigint(20) UNSIGNED NOT NULL,
  `token` varchar(128) NOT NULL,
  `created_on` datetime NOT NULL
) ENGINE=InnoDB DEFAULT CHARSET=utf8;

-- --------------------------------------------------------

--
-- Table structure for table `user_meta`
--

CREATE TABLE `user_meta` (
  `meta_id` int(20) UNSIGNED NOT NULL,
  `user_id` bigint(20) UNSIGNED NOT NULL DEFAULT '0',
  `meta_key` varchar(255) NOT NULL DEFAULT '',
  `meta_value` text
) ENGINE=InnoDB DEFAULT CHARSET=utf8;

--
-- Indexes for dumped tables
--

--
-- Indexes for table `activities`
--
ALTER TABLE `activities`
  ADD PRIMARY KEY (`activity_id`);

--
-- Indexes for table `ci3_sessions`
--
ALTER TABLE `ci3_sessions`
  ADD PRIMARY KEY (`id`);

--
-- Indexes for table `countries`
--
ALTER TABLE `countries`
  ADD PRIMARY KEY (`iso`);

--
-- Indexes for table `email_queue`
--
ALTER TABLE `email_queue`
  ADD PRIMARY KEY (`id`);

--
-- Indexes for table `login_attempts`
--
ALTER TABLE `login_attempts`
  ADD PRIMARY KEY (`id`);

--
-- Indexes for table `permissions`
--
ALTER TABLE `permissions`
  ADD PRIMARY KEY (`permission_id`);

--
-- Indexes for table `perusahaan`
--
ALTER TABLE `perusahaan`
  ADD PRIMARY KEY (`perusahaan_id`);

--
-- Indexes for table `roles`
--
ALTER TABLE `roles`
  ADD PRIMARY KEY (`role_id`);

--
-- Indexes for table `role_permissions`
--
ALTER TABLE `role_permissions`
  ADD PRIMARY KEY (`role_id`,`permission_id`);

--
-- Indexes for table `schema_version`
--
ALTER TABLE `schema_version`
  ADD PRIMARY KEY (`type`);

--
-- Indexes for table `sessions`
--
ALTER TABLE `sessions`
  ADD PRIMARY KEY (`session_id`);

--
-- Indexes for table `settings`
--
ALTER TABLE `settings`
  ADD PRIMARY KEY (`name`);

--
-- Indexes for table `states`
--
ALTER TABLE `states`
  ADD PRIMARY KEY (`id`);

--
-- Indexes for table `tipe_perusahaan`
--
ALTER TABLE `tipe_perusahaan`
  ADD PRIMARY KEY (`tipe_perusahaan_id`);

--
-- Indexes for table `users`
--
ALTER TABLE `users`
  ADD PRIMARY KEY (`id`),
  ADD KEY `email` (`email`);

--
-- Indexes for table `user_cookies`
--
ALTER TABLE `user_cookies`
  ADD KEY `token` (`token`);

--
-- Indexes for table `user_meta`
--
ALTER TABLE `user_meta`
  ADD PRIMARY KEY (`meta_id`);

--
-- AUTO_INCREMENT for dumped tables
--

--
-- AUTO_INCREMENT for table `activities`
--
ALTER TABLE `activities`
  MODIFY `activity_id` bigint(20) NOT NULL AUTO_INCREMENT, AUTO_INCREMENT=24;

--
-- AUTO_INCREMENT for table `email_queue`
--
ALTER TABLE `email_queue`
  MODIFY `id` int(11) NOT NULL AUTO_INCREMENT;

--
-- AUTO_INCREMENT for table `login_attempts`
--
ALTER TABLE `login_attempts`
  MODIFY `id` bigint(20) NOT NULL AUTO_INCREMENT;

--
-- AUTO_INCREMENT for table `permissions`
--
ALTER TABLE `permissions`
  MODIFY `permission_id` int(11) NOT NULL AUTO_INCREMENT, AUTO_INCREMENT=50;

--
-- AUTO_INCREMENT for table `perusahaan`
--
ALTER TABLE `perusahaan`
  MODIFY `perusahaan_id` int(11) NOT NULL AUTO_INCREMENT, AUTO_INCREMENT=5;

--
-- AUTO_INCREMENT for table `roles`
--
ALTER TABLE `roles`
  MODIFY `role_id` int(11) NOT NULL AUTO_INCREMENT, AUTO_INCREMENT=2;

--
-- AUTO_INCREMENT for table `states`
--
ALTER TABLE `states`
  MODIFY `id` int(11) NOT NULL AUTO_INCREMENT, AUTO_INCREMENT=64;

--
-- AUTO_INCREMENT for table `tipe_perusahaan`
--
ALTER TABLE `tipe_perusahaan`
  MODIFY `tipe_perusahaan_id` int(11) NOT NULL AUTO_INCREMENT, AUTO_INCREMENT=12;

--
-- AUTO_INCREMENT for table `users`
--
ALTER TABLE `users`
  MODIFY `id` bigint(20) UNSIGNED NOT NULL AUTO_INCREMENT, AUTO_INCREMENT=2;

--
-- AUTO_INCREMENT for table `user_meta`
--
ALTER TABLE `user_meta`
  MODIFY `meta_id` int(20) UNSIGNED NOT NULL AUTO_INCREMENT;
COMMIT;

/*!40101 SET CHARACTER_SET_CLIENT=@OLD_CHARACTER_SET_CLIENT */;
/*!40101 SET CHARACTER_SET_RESULTS=@OLD_CHARACTER_SET_RESULTS */;
/*!40101 SET COLLATION_CONNECTION=@OLD_COLLATION_CONNECTION */;
